Time,Displacement,Value,Factor,Baseline,Force
2025-06-30 10:23:26.039146,-26.5,-3661,573.2622826433104,162.72,-50.07596296133338
2025-06-30 10:23:26.039146,-26.5,-3596,573.2622826433104,162.72,-48.99249256901181
2025-06-30 10:23:26.039146,-26.5,-3653,573.2622826433104,162.72,-49.9426127592015
2025-06-30 10:23:26.039146,-26.5,-3666,573.2622826433104,162.72,-50.15930683766581
2025-06-30 10:23:26.062555,-26.5,-3691,573.2622826433104,162.72,-50.57602621932796
2025-06-30 10:23:26.267539,-26.5,-3580,573.2622826433104,162.72,-48.725792164748036
2025-06-30 10:23:26.468089,-26.5,-3711,573.2622826433104,162.72,-50.90940172465767
2025-06-30 10:23:26.672078,-26.5,-3670,573.2622826433104,162.72,-50.225981938731756
2025-06-30 10:23:26.875541,-26.5,-3671,573.2622826433104,162.72,-50.24265071399824
2025-06-30 10:23:27.079602,-26.5,-3614,573.2622826433104,162.72,-49.29253052380855
2025-06-30 10:23:28.177571,-26.5,-3639,573.2622826433104,162.72,-49.7092499054707
2025-06-30 10:23:28.377560,-26.5,-3624,573.2622826433104,162.72,-49.459218276473415
2025-06-30 10:23:28.581350,-26.51,-3723,573.2622826433104,162.72,-51.109427027855496
2025-06-30 10:23:28.786357,-26.51,-3658,573.2622826433104,162.72,-50.02595663553393
2025-06-30 10:23:28.988205,-26.51,-3579,573.2622826433104,162.72,-48.70912338948155
2025-06-30 10:23:29.189614,-26.52,-3522,573.2622826433104,162.72,-47.75900319929186
2025-06-30 10:23:29.395239,-26.52,-3525,573.2622826433104,162.72,-47.80900952509132
2025-06-30 10:23:29.596048,-26.52,-3596,573.2622826433104,162.72,-48.99249256901181
2025-06-30 10:23:29.801472,-26.53,-3609,573.2622826433104,162.72,-49.20918664747612
2025-06-30 10:23:30.003483,-26.53,-3690,573.2622826433104,162.72,-50.55935744406147
2025-06-30 10:23:30.211066,-26.53,-3489,573.2622826433104,162.72,-47.20893361549783
2025-06-30 10:23:30.410932,-26.54,-3636,573.2622826433104,162.72,-49.65924357967124
2025-06-30 10:23:30.614609,-26.54,-3577,573.2622826433104,162.72,-48.675785838948585
2025-06-30 10:23:30.823646,-26.54,-3568,573.2622826433104,162.72,-48.52576686155021
2025-06-30 10:23:31.027736,-26.55,-3647,573.2622826433104,162.72,-49.84260010760258
2025-06-30 10:23:31.228568,-26.55,-3536,573.2622826433104,162.72,-47.992366053022664
2025-06-30 10:23:31.426803,-26.55,-3527,573.2622826433104,162.72,-47.842347075624296
2025-06-30 10:23:31.630135,-26.56,-3574,573.2622826433104,162.72,-48.62577951314912
2025-06-30 10:23:31.840489,-26.56,-3621,573.2622826433104,162.72,-49.409211950673956
2025-06-30 10:23:32.038514,-26.56,-3608,573.2622826433104,162.72,-49.19251787220964
2025-06-30 10:23:32.240429,-26.57,-3599,573.2622826433104,162.72,-49.04249889481127
2025-06-30 10:23:32.445224,-26.57,-3558,573.2622826433104,162.72,-48.35907910888535
2025-06-30 10:23:32.654659,-26.57,-3605,573.2622826433104,162.72,-49.14251154641019
2025-06-30 10:23:32.849099,-26.58,-3602,573.2622826433104,162.72,-49.09250522061072
2025-06-30 10:23:33.054023,-26.58,-3517,573.2622826433104,162.72,-47.67565932295943
2025-06-30 10:23:33.255774,-26.58,-3560,573.2622826433104,162.72,-48.39241665941833
2025-06-30 10:23:33.458266,-26.59,-3535,573.2622826433104,162.72,-47.975697277756176
2025-06-30 10:23:33.666794,-26.59,-3452,573.2622826433104,162.72,-46.59218893063786
2025-06-30 10:23:33.868229,-26.59,-3551,573.2622826433104,162.72,-48.242397682019956
2025-06-30 10:23:34.071150,-26.6,-3532,573.2622826433104,162.72,-47.925690951956724
2025-06-30 10:23:34.276841,-26.6,-3541,573.2622826433104,162.72,-48.075709929355085
2025-06-30 10:23:34.479930,-26.6,-3528,573.2622826433104,162.72,-47.85901585089078
2025-06-30 10:23:34.680822,-26.61,-3591,573.2622826433104,162.72,-48.90914869267939
2025-06-30 10:23:34.883446,-26.61,-3582,573.2622826433104,162.72,-48.75912971528101
2025-06-30 10:23:35.083667,-26.61,-3575,573.2622826433104,162.72,-48.642448288415615
2025-06-30 10:23:35.295968,-26.62,-3534,573.2622826433104,162.72,-47.95902850248969
2025-06-30 10:23:35.497740,-26.62,-3585,573.2622826433104,162.72,-48.809136041080464
2025-06-30 10:23:35.696666,-26.62,-3604,573.2622826433104,162.72,-49.125842771143695
2025-06-30 10:23:35.904988,-26.63,-3517,573.2622826433104,162.72,-47.67565932295943
2025-06-30 10:23:36.108163,-26.63,-3584,573.2622826433104,162.72,-48.79246726581398
2025-06-30 10:23:36.307575,-26.63,-3625,573.2622826433104,162.72,-49.475887051739896
2025-06-30 10:23:36.511288,-26.64,-3618,573.2622826433104,162.72,-49.35920562487449
2025-06-30 10:23:36.714856,-26.64,-3447,573.2622826433104,162.72,-46.50884505430543
2025-06-30 10:23:36.916062,-26.64,-3556,573.2622826433104,162.72,-48.32574155835238
2025-06-30 10:23:37.123282,-26.65,-3591,573.2622826433104,162.72,-48.90914869267939
2025-06-30 10:23:37.324180,-26.65,-3606,573.2622826433104,162.72,-49.15918032167667
2025-06-30 10:23:37.528439,-26.65,-3555,573.2622826433104,162.72,-48.30907278308589
2025-06-30 10:23:37.729243,-26.66,-3558,573.2622826433104,162.72,-48.35907910888535
2025-06-30 10:23:37.934216,-26.66,-3625,573.2622826433104,162.72,-49.475887051739896
2025-06-30 10:23:38.137760,-26.66,-3570,573.2622826433104,162.72,-48.55910441208318
2025-06-30 10:23:38.338450,-26.67,-3517,573.2622826433104,162.72,-47.67565932295943
2025-06-30 10:23:38.545335,-26.67,-3480,573.2622826433104,162.72,-47.058914638099466
2025-06-30 10:23:38.745273,-26.67,-3517,573.2622826433104,162.72,-47.67565932295943
2025-06-30 10:23:38.949042,-26.68,-3472,573.2622826433104,162.72,-46.92556443596757
2025-06-30 10:23:39.155940,-26.68,-3589,573.2622826433104,162.72,-48.87581114214641
2025-06-30 10:23:39.355857,-26.68,-3536,573.2622826433104,162.72,-47.992366053022664
2025-06-30 10:23:39.558842,-26.69,-3517,573.2622826433104,162.72,-47.67565932295943
2025-06-30 10:23:39.762552,-26.69,-3540,573.2622826433104,162.72,-48.059041154088604
2025-06-30 10:23:39.966936,-26.69,-3563,573.2622826433104,162.72,-48.44242298521778
2025-06-30 10:23:40.170091,-26.7,-3556,573.2622826433104,162.72,-48.32574155835238
2025-06-30 10:23:40.372721,-26.7,-3647,573.2622826433104,162.72,-49.84260010760258
2025-06-30 10:23:40.577650,-26.7,-3554,573.2622826433104,162.72,-48.29240400781941
2025-06-30 10:23:40.781410,-26.71,-3529,573.2622826433104,162.72,-47.875684626157266
2025-06-30 10:23:40.981926,-26.71,-3534,573.2622826433104,162.72,-47.95902850248969
2025-06-30 10:23:41.186163,-26.71,-3543,573.2622826433104,162.72,-48.10904747988806
2025-06-30 10:23:41.388832,-26.72,-3588,573.2622826433104,162.72,-48.859142366879915
2025-06-30 10:23:41.596668,-26.72,-3561,573.2622826433104,162.72,-48.40908543468481
2025-06-30 10:23:41.794502,-26.72,-3548,573.2622826433104,162.72,-48.19239135622049
2025-06-30 10:23:41.997808,-26.73,-3491,573.2622826433104,162.72,-47.242271166030804
2025-06-30 10:23:42.200405,-26.73,-3654,573.2622826433104,162.72,-49.95928153446798
2025-06-30 10:23:42.405665,-26.73,-3533,573.2622826433104,162.72,-47.942359727223206
2025-06-30 10:23:42.610444,-26.74,-3626,573.2622826433104,162.72,-49.49255582700638
2025-06-30 10:23:42.811029,-26.74,-3621,573.2622826433104,162.72,-49.409211950673956
2025-06-30 10:23:43.014231,-26.74,-3598,573.2622826433104,162.72,-49.025830119544786
2025-06-30 10:23:43.214107,-26.75,-3605,573.2622826433104,162.72,-49.14251154641019
2025-06-30 10:23:43.420820,-26.75,-3614,573.2622826433104,162.72,-49.29253052380855
2025-06-30 10:23:43.625454,-26.75,-3611,573.2622826433104,162.72,-49.24252419800909
2025-06-30 10:23:43.830041,-26.76,-3630,573.2622826433104,162.72,-49.559230928072324
2025-06-30 10:23:44.030628,-26.76,-3533,573.2622826433104,162.72,-47.942359727223206
2025-06-30 10:23:44.236722,-26.76,-3632,573.2622826433104,162.72,-49.592568478605294
2025-06-30 10:23:44.436469,-26.77,-3565,573.2622826433104,162.72,-48.475760535750744
2025-06-30 10:23:44.641466,-26.77,-3688,573.2622826433104,162.72,-50.526019893528506
2025-06-30 10:23:44.844279,-26.77,-3543,573.2622826433104,162.72,-48.10904747988806
2025-06-30 10:23:45.045835,-26.78,-3662,573.2622826433104,162.72,-50.09263173659987
2025-06-30 10:23:45.249144,-26.78,-3621,573.2622826433104,162.72,-49.409211950673956
2025-06-30 10:23:45.452310,-26.78,-3670,573.2622826433104,162.72,-50.225981938731756
2025-06-30 10:23:45.657411,-26.79,-3643,573.2622826433104,162.72,-49.775925006536646
2025-06-30 10:23:45.859738,-26.79,-3648,573.2622826433104,162.72,-49.85926888286907
2025-06-30 10:23:46.063419,-26.79,-3731,573.2622826433104,162.72,-51.24277722998739
2025-06-30 10:23:46.263872,-26.8,-3648,573.2622826433104,162.72,-49.85926888286907
2025-06-30 10:23:46.468276,-26.8,-3621,573.2622826433104,162.72,-49.409211950673956
2025-06-30 10:23:46.670126,-26.8,-3580,573.2622826433104,162.72,-48.725792164748036
2025-06-30 10:23:46.875298,-26.81,-3621,573.2622826433104,162.72,-49.409211950673956
2025-06-30 10:23:47.076774,-26.81,-3652,573.2622826433104,162.72,-49.92594398393502
2025-06-30 10:23:47.283643,-26.81,-3647,573.2622826433104,162.72,-49.84260010760258
2025-06-30 10:23:47.484431,-26.82,-3724,573.2622826433104,162.72,-51.126095803121984
2025-06-30 10:23:47.687406,-26.82,-3729,573.2622826433104,162.72,-51.20943967945441
2025-06-30 10:23:47.892812,-26.82,-3604,573.2622826433104,162.72,-49.125842771143695
2025-06-30 10:23:48.094633,-26.83,-3575,573.2622826433104,162.72,-48.642448288415615
2025-06-30 10:23:48.295512,-26.83,-3660,573.2622826433104,162.72,-50.0592941860669
2025-06-30 10:23:48.499780,-26.83,-3681,573.2622826433104,162.72,-50.4093384666631
2025-06-30 10:23:48.701913,-26.84,-3670,573.2622826433104,162.72,-50.225981938731756
2025-06-30 10:23:48.907193,-26.84,-3667,573.2622826433104,162.72,-50.1759756129323
2025-06-30 10:23:49.109008,-26.84,-3630,573.2622826433104,162.72,-49.559230928072324
2025-06-30 10:23:49.313026,-26.85,-3679,573.2622826433104,162.72,-50.376000916130124
2025-06-30 10:23:49.516134,-26.85,-3702,573.2622826433104,162.72,-50.759382747259295
2025-06-30 10:23:49.718482,-26.85,-3719,573.2622826433104,162.72,-51.04275192678956
2025-06-30 10:23:49.922708,-26.86,-3648,573.2622826433104,162.72,-49.85926888286907
2025-06-30 10:23:50.125459,-26.86,-3727,573.2622826433104,162.72,-51.17610212892144
2025-06-30 10:23:50.328236,-26.86,-3738,573.2622826433104,162.72,-51.35945865685279
2025-06-30 10:23:50.532860,-26.87,-3639,573.2622826433104,162.72,-49.7092499054707
2025-06-30 10:23:50.735998,-26.87,-3650,573.2622826433104,162.72,-49.892606433402044
2025-06-30 10:23:50.938861,-26.87,-3643,573.2622826433104,162.72,-49.775925006536646
2025-06-30 10:23:51.141128,-26.88,-3658,573.2622826433104,162.72,-50.02595663553393
2025-06-30 10:23:51.344552,-26.88,-3671,573.2622826433104,162.72,-50.24265071399824
2025-06-30 10:23:51.549312,-26.88,-3680,573.2622826433104,162.72,-50.39266969139661
2025-06-30 10:23:51.752105,-26.89,-3709,573.2622826433104,162.72,-50.87606417412469
2025-06-30 10:23:51.956030,-26.89,-3638,573.2622826433104,162.72,-49.69258113020422
2025-06-30 10:23:52.159523,-26.89,-3665,573.2622826433104,162.72,-50.14263806239933
2025-06-30 10:23:52.362898,-26.9,-3650,573.2622826433104,162.72,-49.892606433402044
2025-06-30 10:23:52.566903,-26.9,-3597,573.2622826433104,162.72,-49.0091613442783
2025-06-30 10:23:52.769429,-26.9,-3642,573.2622826433104,162.72,-49.75925623127016
2025-06-30 10:23:52.972757,-26.91,-3619,573.2622826433104,162.72,-49.37587440014098
2025-06-30 10:23:53.174471,-26.91,-3720,573.2622826433104,162.72,-51.059420702056045
2025-06-30 10:23:53.378876,-26.91,-3609,573.2622826433104,162.72,-49.20918664747612
2025-06-30 10:23:53.580919,-26.92,-3604,573.2622826433104,162.72,-49.125842771143695
2025-06-30 10:23:53.784499,-26.92,-3629,573.2622826433104,162.72,-49.54256215280584
2025-06-30 10:23:53.987384,-26.92,-3676,573.2622826433104,162.72,-50.32599459033067
2025-06-30 10:23:54.190166,-26.93,-3661,573.2622826433104,162.72,-50.07596296133338
2025-06-30 10:23:54.395612,-26.93,-3670,573.2622826433104,162.72,-50.225981938731756
2025-06-30 10:23:54.596795,-26.93,-3599,573.2622826433104,162.72,-49.04249889481127
2025-06-30 10:23:54.800128,-26.94,-3660,573.2622826433104,162.72,-50.0592941860669
2025-06-30 10:23:55.004475,-26.94,-3681,573.2622826433104,162.72,-50.4093384666631
2025-06-30 10:23:55.207548,-26.94,-3588,573.2622826433104,162.72,-48.859142366879915
2025-06-30 10:23:55.411325,-26.95,-3699,573.2622826433104,162.72,-50.709376421459844
2025-06-30 10:23:55.613210,-26.95,-3696,573.2622826433104,162.72,-50.659370095660385
2025-06-30 10:23:55.818654,-26.95,-3627,573.2622826433104,162.72,-49.50922460227287
2025-06-30 10:23:56.019280,-26.96,-3662,573.2622826433104,162.72,-50.09263173659987
2025-06-30 10:23:56.223001,-26.96,-3639,573.2622826433104,162.72,-49.7092499054707
2025-06-30 10:23:56.425610,-26.96,-3652,573.2622826433104,162.72,-49.92594398393502
2025-06-30 10:23:56.629899,-26.97,-3657,573.2622826433104,162.72,-50.00928786026745
2025-06-30 10:23:56.831222,-26.97,-3666,573.2622826433104,162.72,-50.15930683766581
2025-06-30 10:23:57.036014,-26.97,-3735,573.2622826433104,162.72,-51.309452331053336
2025-06-30 10:23:57.240427,-26.98,-3726,573.2622826433104,162.72,-51.15943335365496
2025-06-30 10:23:57.444078,-26.98,-3725,573.2622826433104,162.72,-51.14276457838847
2025-06-30 10:23:57.646922,-26.98,-3682,573.2622826433104,162.72,-50.42600724192958
2025-06-30 10:23:57.849661,-26.99,-3711,573.2622826433104,162.72,-50.90940172465767
2025-06-30 10:23:58.054057,-26.99,-3704,573.2622826433104,162.72,-50.79272029779227
2025-06-30 10:23:58.256505,-26.99,-3737,573.2622826433104,162.72,-51.3427898815863
2025-06-30 10:23:58.459597,-27.0,-3708,573.2622826433104,162.72,-50.85939539885821
2025-06-30 10:23:58.661988,-27.0,-3603,573.2622826433104,162.72,-49.1091739958772
2025-06-30 10:23:58.867238,-27.0,-3746,573.2622826433104,162.72,-51.492808858984674
2025-06-30 10:23:59.070040,-27.01,-3677,573.2622826433104,162.72,-50.342663365597154
2025-06-30 10:23:59.272747,-27.01,-3712,573.2622826433104,162.72,-50.92607049992416
2025-06-30 10:23:59.475413,-27.01,-3695,573.2622826433104,162.72,-50.642701320393904
2025-06-30 10:23:59.679431,-27.02,-3682,573.2622826433104,162.72,-50.42600724192958
2025-06-30 10:23:59.882098,-27.02,-3751,573.2622826433104,162.72,-51.5761527353171
2025-06-30 10:24:00.084484,-27.02,-3706,573.2622826433104,162.72,-50.82605784832524
2025-06-30 10:24:00.288388,-27.03,-3715,573.2622826433104,162.72,-50.97607682572362
2025-06-30 10:24:00.491403,-27.03,-3702,573.2622826433104,162.72,-50.759382747259295
2025-06-30 10:24:00.695711,-27.03,-3661,573.2622826433104,162.72,-50.07596296133338
2025-06-30 10:24:00.898181,-27.04,-3702,573.2622826433104,162.72,-50.759382747259295
2025-06-30 10:24:01.101498,-27.04,-3777,573.2622826433104,162.72,-52.009540892245724
2025-06-30 10:24:01.305581,-27.04,-3688,573.2622826433104,162.72,-50.526019893528506
2025-06-30 10:24:01.508112,-27.05,-3763,573.2622826433104,162.72,-51.77617803851494
2025-06-30 10:24:01.711131,-27.05,-3742,573.2622826433104,162.72,-51.42613375791873
2025-06-30 10:24:01.914089,-27.05,-3797,573.2622826433104,162.72,-52.34291639757545
2025-06-30 10:24:02.117599,-27.06,-3758,573.2622826433104,162.72,-51.6928341621825
2025-06-30 10:24:02.319910,-27.06,-3767,573.2622826433104,162.72,-51.842853139580875
2025-06-30 10:24:02.524610,-27.06,-3748,573.2622826433104,162.72,-51.52614640951765
2025-06-30 10:24:02.727147,-27.07,-3715,573.2622826433104,162.72,-50.97607682572362
2025-06-30 10:24:02.931146,-27.07,-3676,573.2622826433104,162.72,-50.32599459033067
2025-06-30 10:24:03.135768,-27.07,-3641,573.2622826433104,162.72,-49.74258745600367
2025-06-30 10:24:03.339037,-27.08,-3768,573.2622826433104,162.72,-51.859521914847356
2025-06-30 10:24:03.540296,-27.08,-3721,573.2622826433104,162.72,-51.07608947732253
2025-06-30 10:24:03.743849,-27.08,-3730,573.2622826433104,162.72,-51.226108454720894
2025-06-30 10:24:03.947577,-27.09,-3669,573.2622826433104,162.72,-50.209313163465275
2025-06-30 10:24:04.151677,-27.09,-3758,573.2622826433104,162.72,-51.6928341621825
2025-06-30 10:24:04.353709,-27.09,-3719,573.2622826433104,162.72,-51.04275192678956
2025-06-30 10:24:04.556577,-27.1,-3694,573.2622826433104,162.72,-50.62603254512741
2025-06-30 10:24:04.761540,-27.1,-3693,573.2622826433104,162.72,-50.60936376986093
2025-06-30 10:24:04.964579,-27.1,-3774,573.2622826433104,162.72,-51.95953456644627
2025-06-30 10:24:05.166682,-27.11,-3677,573.2622826433104,162.72,-50.342663365597154
2025-06-30 10:24:05.369995,-27.11,-3670,573.2622826433104,162.72,-50.225981938731756
2025-06-30 10:24:05.573467,-27.11,-3709,573.2622826433104,162.72,-50.87606417412469
2025-06-30 10:24:05.775124,-27.12,-3688,573.2622826433104,162.72,-50.526019893528506
2025-06-30 10:24:05.979497,-27.12,-3611,573.2622826433104,162.72,-49.24252419800909
2025-06-30 10:24:06.182586,-27.12,-3624,573.2622826433104,162.72,-49.459218276473415
2025-06-30 10:24:06.386528,-27.13,-3561,573.2622826433104,162.72,-48.40908543468481
2025-06-30 10:24:06.589751,-27.13,-3626,573.2622826433104,162.72,-49.49255582700638
2025-06-30 10:24:06.792718,-27.13,-3581,573.2622826433104,162.72,-48.74246094001452
2025-06-30 10:24:06.996239,-27.14,-3566,573.2622826433104,162.72,-48.49242931101723
2025-06-30 10:24:07.199493,-27.14,-3499,573.2622826433104,162.72,-47.3756213681627
2025-06-30 10:24:07.403065,-27.14,-3372,573.2622826433104,162.72,-45.258686909319
2025-06-30 10:24:07.605465,-27.15,-2909,573.2622826433104,162.72,-37.541043960936086
2025-06-30 10:24:07.808359,-27.15,-2554,573.2622826433104,162.72,-31.62362874133365
2025-06-30 10:24:08.012655,-27.15,-1661,573.2622826433104,162.72,-16.738412428361862
2025-06-30 10:24:08.215622,-27.16,576,573.2622826433104,162.72,20.54963784276679
2025-06-30 10:24:08.418237,-27.16,5383,573.2622826433104,162.72,100.67644054876385
2025-06-30 10:24:08.621900,-27.16,10142,573.2622826433104,162.72,180.00314204196962
2025-06-30 10:24:08.825982,-27.17,14359,573.2622826433104,162.72,250.29536734074009
2025-06-30 10:24:09.030768,-27.17,19030,573.2622826433104,162.72,328.1552166104951
2025-06-30 10:24:09.232524,-27.17,22871,573.2622826433104,162.72,392.17998240906684
2025-06-30 10:24:09.435718,-27.18,24172,573.2622826433104,162.72,413.8660590307648
2025-06-30 10:24:09.639176,-27.18,24469,573.2622826433104,162.72,418.8166852849111
2025-06-30 10:24:09.842373,-27.18,24646,573.2622826433104,162.72,421.76705850707907
2025-06-30 10:24:10.046107,-27.19,24841,573.2622826433104,162.72,425.0174696840438
2025-06-30 10:24:10.248385,-27.19,25654,573.2622826433104,162.72,438.5691839756968
2025-06-30 10:24:10.451681,-27.19,26181,573.2622826433104,162.72,447.3536285411347
2025-06-30 10:24:10.655939,-27.2,27670,573.2622826433104,162.72,472.173434912932
2025-06-30 10:24:10.859988,-27.2,30259,573.2622826433104,162.72,515.3288940778637
2025-06-30 10:24:11.062067,-27.2,33002,573.2622826433104,162.72,561.051344633834
2025-06-30 10:24:11.263015,-27.21,34905,573.2622826433104,162.72,592.7720239659565
2025-06-30 10:24:11.468640,-27.21,36412,573.2622826433104,162.72,617.8918682925504
2025-06-30 10:24:11.672301,-27.21,37777,573.2622826433104,162.72,640.6447465313036
2025-06-30 10:24:11.874325,-27.22,40176,573.2622826433104,162.72,680.6331383956028
2025-06-30 10:24:12.076569,-27.22,42039,573.2622826433104,162.72,711.6870667170658
2025-06-30 10:24:12.281347,-27.22,42644,573.2622826433104,162.72,721.7716757532897
2025-06-30 10:24:12.484250,-27.23,42947,573.2622826433104,162.72,726.822314659035
2025-06-30 10:24:12.687404,-27.23,43044,573.2622826433104,162.72,728.439185859884
2025-06-30 10:24:12.891354,-27.23,44157,573.2622826433104,162.72,746.9915327314826
2025-06-30 10:24:13.095144,-27.24,47820,573.2622826433104,162.72,808.04925653262
2025-06-30 10:24:13.297128,-27.24,51225,573.2622826433104,162.72,864.8064363150041
2025-06-30 10:24:13.499911,-27.24,55434,573.2622826433104,162.72,934.9653114116427
2025-06-30 10:24:13.704323,-27.25,58495,573.2622826433104,162.72,985.9884325023556
2025-06-30 10:24:13.907311,-27.25,59108,573.2622826433104,162.72,996.2063917407113
2025-06-30 10:24:14.109827,-27.25,59197,573.2622826433104,162.72,997.6899127394286
2025-06-30 10:24:14.313763,-27.26,59668,573.2622826433104,162.72,1005.5409058899434
2025-06-30 10:24:14.518508,-27.26,60345,573.2622826433104,162.72,1016.8256667453542
2025-06-30 10:24:14.722609,-27.26,60272,573.2622826433104,162.72,1015.6088461509008
2025-06-30 10:24:14.927475,-27.27,60653,573.2622826433104,162.72,1021.9596495274319
2025-06-30 10:24:15.129731,-27.27,60814,573.2622826433104,162.72,1024.6433223453362
2025-06-30 10:24:15.333537,-27.27,61035,573.2622826433104,162.72,1028.3271216792293
2025-06-30 10:24:15.535412,-27.28,61496,573.2622826433104,162.72,1036.0114270770794
2025-06-30 10:24:15.740516,-27.28,61571,573.2622826433104,162.72,1037.2615852220658
2025-06-30 10:24:15.941295,-27.28,61956,573.2622826433104,162.72,1043.6790636996627
2025-06-30 10:24:16.145593,-27.29,62431,573.2622826433104,162.72,1051.5967319512436
2025-06-30 10:24:16.347879,-27.29,62536,573.2622826433104,162.72,1053.3469533542245
2025-06-30 10:24:16.552500,-27.29,62873,573.2622826433104,162.72,1058.9643306190303
2025-06-30 10:24:16.755491,-27.3,63174,573.2622826433104,162.72,1063.9816319742426
2025-06-30 10:24:16.958018,-27.3,62969,573.2622826433104,162.72,1060.564533044613
2025-06-30 10:24:17.161697,-27.3,63454,573.2622826433104,162.72,1068.6488890488583
2025-06-30 10:24:17.366497,-27.31,64025,573.2622826433104,162.72,1078.1667597260218
2025-06-30 10:24:17.569001,-27.31,64174,573.2622826433104,162.72,1080.6504072407283
2025-06-30 10:24:17.772051,-27.31,64383,573.2622826433104,162.72,1084.1341812714238
2025-06-30 10:24:17.975469,-27.32,64668,573.2622826433104,162.72,1088.8847822223722
2025-06-30 10:24:18.179470,-27.32,64675,573.2622826433104,162.72,1089.0014636492376
2025-06-30 10:24:18.381991,-27.32,65158,573.2622826433104,162.72,1097.0524821029503
2025-06-30 10:24:18.584606,-27.33,65501,573.2622826433104,162.72,1102.7698720193548
2025-06-30 10:24:18.788533,-27.33,65868,573.2622826433104,162.72,1108.887312542155
2025-06-30 10:24:18.996553,-27.33,66117,573.2622826433104,162.72,1113.0378375835103
2025-06-30 10:24:19.194402,-27.34,66642,573.2622826433104,162.72,1121.7889445984151
2025-06-30 10:24:19.399404,-27.34,67109,573.2622826433104,162.72,1129.5732626478639
2025-06-30 10:24:19.601112,-27.34,67202,573.2622826433104,162.72,1131.1234587476472
2025-06-30 10:24:19.806029,-27.35,67525,573.2622826433104,162.72,1136.507473158722
2025-06-30 10:24:20.008187,-27.35,68028,573.2622826433104,162.72,1144.8918671177644
2025-06-30 10:24:20.212012,-27.35,68209,573.2622826433104,162.72,1147.9089154409985
2025-06-30 10:24:20.416544,-27.36,68448,573.2622826433104,162.72,1151.8927527296885
2025-06-30 10:24:20.618345,-27.36,68811,573.2622826433104,162.72,1157.9435181514227
2025-06-30 10:24:20.823087,-27.36,69128,573.2622826433104,162.72,1163.2275199108988
2025-06-30 10:24:21.026501,-27.37,69531,573.2622826433104,162.72,1169.9450363432925
2025-06-30 10:24:21.231358,-27.37,69746,573.2622826433104,162.72,1173.528823025587
2025-06-30 10:24:21.431079,-27.37,70009,573.2622826433104,162.72,1177.9127109206727
2025-06-30 10:24:21.635807,-27.38,70242,573.2622826433104,162.72,1181.7965355577637
2025-06-30 10:24:21.838955,-27.38,70631,573.2622826433104,162.72,1188.2806891364269
2025-06-30 10:24:22.041526,-27.38,70824,573.2622826433104,162.72,1191.4977627628587
2025-06-30 10:24:22.244248,-27.39,71141,573.2622826433104,162.72,1196.7817645223345
2025-06-30 10:24:22.448985,-27.39,71318,573.2622826433104,162.72,1199.7321377445026
2025-06-30 10:24:22.651807,-27.39,71617,573.2622826433104,162.72,1204.716101549182
2025-06-30 10:24:22.855234,-27.4,72040,573.2622826433104,162.72,1211.7669934869052
2025-06-30 10:24:23.055913,-27.4,72443,573.2622826433104,162.72,1218.4845099192992
2025-06-30 10:24:23.261722,-27.4,72646,573.2622826433104,162.72,1221.8682712983957
2025-06-30 10:24:23.464996,-27.41,72953,573.2622826433104,162.72,1226.9855853052068
2025-06-30 10:24:23.668012,-27.41,73354,573.2622826433104,162.72,1233.6697641870676
2025-06-30 10:24:23.871845,-27.41,73485,573.2622826433104,162.72,1235.8533737469772
2025-06-30 10:24:24.074837,-27.42,73844,573.2622826433104,162.72,1241.8374640676454
2025-06-30 10:24:24.281018,-27.42,74227,573.2622826433104,162.72,1248.2216049947097
2025-06-30 10:24:24.482640,-27.42,74442,573.2622826433104,162.72,1251.805391677004
2025-06-30 10:24:24.685447,-27.43,74837,573.2622826433104,162.72,1258.389557907266
2025-06-30 10:24:24.887818,-27.43,75214,573.2622826433104,162.72,1264.6736861827308
2025-06-30 10:24:25.092263,-27.43,75591,573.2622826433104,162.72,1270.9578144581963
2025-06-30 10:24:25.294866,-27.44,75924,573.2622826433104,162.72,1276.5085166219358
2025-06-30 10:24:25.498145,-27.44,76213,573.2622826433104,162.72,1281.3257926739504
2025-06-30 10:24:25.702105,-27.44,76504,573.2622826433104,162.72,1286.1764062764976
2025-06-30 10:24:25.904778,-27.45,76931,573.2622826433104,162.72,1293.293973315287
2025-06-30 10:24:26.107868,-27.45,77216,573.2622826433104,162.72,1298.0445742662353
2025-06-30 10:24:26.312231,-27.45,77469,573.2622826433104,162.72,1302.2617744086563
2025-06-30 10:24:26.513720,-27.46,77986,573.2622826433104,162.72,1310.8795312214297
2025-06-30 10:24:26.717352,-27.46,78239,573.2622826433104,162.72,1315.0967313638507
2025-06-30 10:24:26.920424,-27.46,78390,573.2622826433104,162.72,1317.61371642909
2025-06-30 10:24:27.124408,-27.47,79071,573.2622826433104,162.72,1328.9651523855669
2025-06-30 10:24:27.326955,-27.47,79282,573.2622826433104,162.72,1332.482263966795
2025-06-30 10:24:27.532464,-27.47,79855,573.2622826433104,162.72,1342.0334721944917
2025-06-30 10:24:27.733229,-27.48,80052,573.2622826433104,162.72,1345.3172209219892
2025-06-30 10:24:27.937844,-27.48,80447,573.2622826433104,162.72,1351.9013871522511
2025-06-30 10:24:28.141191,-27.48,80754,573.2622826433104,162.72,1357.0187011590622
2025-06-30 10:24:28.344111,-27.49,81059,573.2622826433104,162.72,1362.1026776153403
2025-06-30 10:24:28.546425,-27.49,81472,573.2622826433104,162.72,1368.986881800399
2025-06-30 10:24:28.751073,-27.49,81871,573.2622826433104,162.72,1375.6377231317267
2025-06-30 10:24:28.952747,-27.5,82192,573.2622826433104,162.72,1380.9883999922688
2025-06-30 10:24:29.157896,-27.5,82547,573.2622826433104,162.72,1386.905815211871
2025-06-30 10:24:29.360386,-27.5,82776,573.2622826433104,162.72,1390.7229647478964
2025-06-30 10:24:29.561703,-27.51,83223,573.2622826433104,162.72,1398.1739072920154
2025-06-30 10:24:29.767553,-27.51,83620,573.2622826433104,162.72,1404.7914110728107
2025-06-30 10:24:29.970641,-27.51,83675,573.2622826433104,162.72,1405.708193712467
2025-06-30 10:24:30.174741,-27.52,84152,573.2622826433104,162.72,1413.659199514581
2025-06-30 10:24:30.376942,-27.52,84611,573.2622826433104,162.72,1421.3101673618978
2025-06-30 10:24:30.579997,-27.52,84704,573.2622826433104,162.72,1422.860363461681
2025-06-30 10:24:30.783006,-27.53,85197,573.2622826433104,162.72,1431.0780696680583
2025-06-30 10:24:30.987356,-27.53,85392,573.2622826433104,162.72,1434.3284808450233
2025-06-30 10:24:31.192222,-27.53,85803,573.2622826433104,162.72,1441.1793474795488
2025-06-30 10:24:31.392398,-27.54,86198,573.2622826433104,162.72,1447.7635137098107
2025-06-30 10:24:31.596477,-27.54,86589,573.2622826433104,162.72,1454.2810048390068
2025-06-30 10:24:31.801012,-27.54,86832,573.2622826433104,162.72,1458.3315172287626
2025-06-30 10:24:32.003959,-27.55,87173,573.2622826433104,162.72,1464.0155695946341
2025-06-30 10:24:32.207656,-27.55,87548,573.2622826433104,162.72,1470.2663603195665
2025-06-30 10:24:32.408292,-27.55,87757,573.2622826433104,162.72,1473.750134350262
2025-06-30 10:24:32.621016,-27.56,88274,573.2622826433104,162.72,1482.367891163035
2025-06-30 10:24:32.815554,-27.56,88729,573.2622826433104,162.72,1489.952183909286
2025-06-30 10:24:33.019859,-27.56,89046,573.2622826433104,162.72,1495.2361856687621
2025-06-30 10:24:33.221944,-27.57,89639,573.2622826433104,162.72,1505.1207694017883
2025-06-30 10:24:33.425945,-27.57,89810,573.2622826433104,162.72,1507.9711299723572
2025-06-30 10:24:33.628885,-27.57,90149,573.2622826433104,162.72,1513.6218447876959
2025-06-30 10:24:33.831864,-27.58,90570,573.2622826433104,162.72,1520.6393991748862
2025-06-30 10:24:34.034344,-27.58,90921,573.2622826433104,162.72,1526.490139293423
2025-06-30 10:24:34.241127,-27.58,91264,573.2622826433104,162.72,1532.2075292098275
2025-06-30 10:24:34.442012,-27.59,92073,573.2622826433104,162.72,1545.6925684004145
2025-06-30 10:24:34.644225,-27.59,92222,573.2622826433104,162.72,1548.1762159151208
2025-06-30 10:24:34.848230,-27.59,92569,573.2622826433104,162.72,1553.9602809325916
2025-06-30 10:24:35.050199,-27.6,93278,573.2622826433104,162.72,1565.7784425965299
2025-06-30 10:24:35.253803,-27.6,93457,573.2622826433104,162.72,1568.7621533692306
2025-06-30 10:24:35.457769,-27.6,93698,573.2622826433104,162.72,1572.779328208454
2025-06-30 10:24:35.660597,-27.61,94397,573.2622826433104,162.72,1584.4308021197273
2025-06-30 10:24:35.864620,-27.61,94572,573.2622826433104,162.72,1587.3478377913625
2025-06-30 10:24:36.070049,-27.61,94909,573.2622826433104,162.72,1592.965215056168
2025-06-30 10:24:36.272312,-27.62,95502,573.2622826433104,162.72,1602.8497987891942
2025-06-30 10:24:36.473988,-27.62,95563,573.2622826433104,162.72,1603.8665940804499
2025-06-30 10:24:36.678324,-27.62,96134,573.2622826433104,162.72,1613.3844647576134
2025-06-30 10:24:36.880961,-27.63,96539,573.2622826433104,162.72,1620.1353187405402
2025-06-30 10:24:37.083627,-27.63,97128,573.2622826433104,162.72,1629.9532273725
2025-06-30 10:24:37.288961,-27.63,97187,573.2622826433104,162.72,1630.9366851132227
2025-06-30 10:24:37.491422,-27.64,97530,573.2622826433104,162.72,1636.6540750296274
2025-06-30 10:24:37.696082,-27.64,98065,573.2622826433104,162.72,1645.571869797197
2025-06-30 10:24:37.899820,-27.64,98280,573.2622826433104,162.72,1649.1556564794919
2025-06-30 10:24:38.100935,-27.65,98647,573.2622826433104,162.72,1655.273097002292
2025-06-30 10:24:38.302987,-27.65,99356,573.2622826433104,162.72,1667.0912586662303
2025-06-30 10:24:38.508955,-27.65,99573,573.2622826433104,162.72,1670.7083828990576
2025-06-30 10:24:38.711298,-27.66,100102,573.2622826433104,162.72,1679.5261650150285
2025-06-30 10:24:38.914741,-27.66,100613,573.2622826433104,162.72,1688.043909176203
2025-06-30 10:24:39.119024,-27.66,100762,573.2622826433104,162.72,1690.5275566909095
2025-06-30 10:24:39.322225,-27.67,101211,573.2622826433104,162.72,1698.0118367855614
2025-06-30 10:24:39.525493,-27.67,101422,573.2622826433104,162.72,1701.52894836679
2025-06-30 10:24:39.729428,-27.67,101587,573.2622826433104,162.72,1704.27929628576
2025-06-30 10:24:39.929400,-27.68,102084,573.2622826433104,162.72,1712.5636775932037
2025-06-30 10:24:40.135054,-27.68,102429,573.2622826433104,162.72,1718.3144050601409
2025-06-30 10:24:40.338173,-27.68,102566,573.2622826433104,162.72,1720.5980272716495
2025-06-30 10:24:40.543573,-27.69,103045,573.2622826433104,162.72,1728.5823706242963
2025-06-30 10:24:40.744155,-27.69,103390,573.2622826433104,162.72,1734.333098091234
2025-06-30 10:24:40.946378,-27.69,103417,573.2622826433104,162.72,1734.783155023429
2025-06-30 10:24:41.150703,-27.7,104106,573.2622826433104,162.72,1746.2679411820375
2025-06-30 10:24:41.354766,-27.7,104495,573.2622826433104,162.72,1752.7520947607006
2025-06-30 10:24:41.556677,-27.7,104740,573.2622826433104,162.72,1756.8359447009898
2025-06-30 10:24:41.760524,-27.71,105533,573.2622826433104,162.72,1770.0542834873127
2025-06-30 10:24:41.964086,-27.71,106256,573.2622826433104,162.72,1782.105808004982
2025-06-30 10:24:42.167291,-27.71,106165,573.2622826433104,162.72,1780.588949455732
2025-06-30 10:24:42.370197,-27.72,106986,573.2622826433104,162.72,1794.2740139495168
2025-06-30 10:24:42.573457,-27.72,107153,573.2622826433104,162.72,1797.0576994190199
2025-06-30 10:24:42.777359,-27.72,107378,573.2622826433104,162.72,1800.808173853979
2025-06-30 10:24:42.980740,-27.73,108015,573.2622826433104,162.72,1811.4261836987305
2025-06-30 10:24:43.182957,-27.73,108212,573.2622826433104,162.72,1814.7099324262283
2025-06-30 10:24:43.387683,-27.73,108285,573.2622826433104,162.72,1815.9267530206819
2025-06-30 10:24:43.591620,-27.74,109104,573.2622826433104,162.72,1829.5784799639337
2025-06-30 10:24:43.793609,-27.74,109341,573.2622826433104,162.72,1833.5289797020907
2025-06-30 10:24:43.996961,-27.74,109562,573.2622826433104,162.72,1837.2127790359839
2025-06-30 10:24:44.199194,-27.75,110181,573.2622826433104,162.72,1847.5307509259387
2025-06-30 10:24:44.403038,-27.75,110274,573.2622826433104,162.72,1849.080947025722
2025-06-30 10:24:44.607942,-27.75,110629,573.2622826433104,162.72,1854.9983622453242
2025-06-30 10:24:44.808843,-27.76,111262,573.2622826433104,162.72,1865.5496969890098
2025-06-30 10:24:45.011650,-27.76,111209,573.2622826433104,162.72,1864.666251899886
2025-06-30 10:24:45.215683,-27.76,111408,573.2622826433104,162.72,1867.9833381779165
2025-06-30 10:24:45.419298,-27.77,112023,573.2622826433104,162.72,1878.2346349668055
2025-06-30 10:24:45.622359,-27.77,112324,573.2622826433104,162.72,1883.2519363220176
2025-06-30 10:24:45.825703,-27.77,112209,573.2622826433104,162.72,1881.3350271663717
2025-06-30 10:24:46.030269,-27.78,112758,573.2622826433104,162.72,1890.4861847876725
2025-06-30 10:24:46.233152,-27.78,113387,573.2622826433104,162.72,1900.9708444302921
2025-06-30 10:24:46.434416,-27.78,113516,573.2622826433104,162.72,1903.1211164396686
2025-06-30 10:24:46.637861,-27.79,113875,573.2622826433104,162.72,1909.1052067603373
2025-06-30 10:24:46.841912,-27.79,114132,573.2622826433104,162.72,1913.3890820038241
2025-06-30 10:24:47.047625,-27.79,114229,573.2622826433104,162.72,1915.005953204673
2025-06-30 10:24:47.250685,-27.8,114608,573.2622826433104,162.72,1921.3234190306714
2025-06-30 10:24:47.453949,-27.8,115013,573.2622826433104,162.72,1928.074273013598
2025-06-30 10:24:47.657973,-27.8,115148,573.2622826433104,162.72,1930.3245576745735
2025-06-30 10:24:47.862427,-27.81,115605,573.2622826433104,162.72,1937.9421879713577
2025-06-30 10:24:48.066551,-27.81,116168,573.2622826433104,162.72,1947.326708446389
2025-06-30 10:24:48.269510,-27.81,116219,573.2622826433104,162.72,1948.1768159849798
2025-06-30 10:24:48.470323,-27.82,116814,573.2622826433104,162.72,1958.0947372685387
2025-06-30 10:24:48.673712,-27.82,117367,573.2622826433104,162.72,1967.3125699909053
2025-06-30 10:24:48.879219,-27.82,117290,573.2622826433104,162.72,1966.029074295386
2025-06-30 10:24:49.082800,-27.83,117987,573.2622826433104,162.72,1977.6472106561268
2025-06-30 10:24:49.284268,-27.83,118334,573.2622826433104,162.72,1983.431275673597
2025-06-30 10:24:49.490071,-27.83,118331,573.2622826433104,162.72,1983.3812693477978
2025-06-30 10:24:49.691758,-27.84,118778,573.2622826433104,162.72,1990.8322118919168
2025-06-30 10:24:49.893105,-27.84,118989,573.2622826433104,162.72,1994.3493234731452
2025-06-30 10:24:50.095649,-27.84,119074,573.2622826433104,162.72,1995.7661693707967
2025-06-30 10:24:50.301252,-27.85,119733,573.2622826433104,162.72,2006.7508922714107
2025-06-30 10:24:50.504777,-27.85,120100,573.2622826433104,162.72,2012.868332794211
2025-06-30 10:24:50.706914,-27.85,120587,573.2622826433104,162.72,2020.9860263489895
2025-06-30 10:24:50.910784,-27.86,121330,573.2622826433104,162.72,2033.3709263719886
2025-06-30 10:24:51.114009,-27.86,121955,573.2622826433104,162.72,2043.7889109135422
2025-06-30 10:24:51.318204,-27.86,122508,573.2622826433104,162.72,2053.006743635909
2025-06-30 10:24:51.522684,-27.87,123367,573.2622826433104,162.72,2067.32522158982
2025-06-30 10:24:51.722982,-27.87,123712,573.2622826433104,162.72,2073.0759490567575
2025-06-30 10:24:51.925802,-27.87,124097,573.2622826433104,162.72,2079.493427534355
2025-06-30 10:24:52.130273,-27.88,124970,573.2622826433104,162.72,2094.0452683419967
2025-06-30 10:24:52.335443,-27.88,125359,573.2622826433104,162.72,2100.52942192066
2025-06-30 10:24:52.537440,-27.88,125846,573.2622826433104,162.72,2108.647115475438
2025-06-30 10:24:52.740024,-27.89,126413,573.2622826433104,162.72,2118.098311051536
2025-06-30 10:24:52.944052,-27.89,126492,573.2622826433104,162.72,2119.415144297588
2025-06-30 10:24:53.148021,-27.89,126377,573.2622826433104,162.72,2117.498235141942
2025-06-30 10:24:53.349985,-27.9,126544,573.2622826433104,162.72,2120.2819206114455
2025-06-30 10:24:53.552283,-27.9,126555,573.2622826433104,162.72,2120.4652771393767
2025-06-30 10:24:53.758145,-27.9,126742,573.2622826433104,162.72,2123.5823381142095
2025-06-30 10:24:53.959839,-27.91,127467,573.2622826433104,162.72,2135.6672001824118
2025-06-30 10:24:54.162979,-27.91,128004,573.2622826433104,162.72,2144.6183325005145
2025-06-30 10:24:54.365592,-27.91,128203,573.2622826433104,162.72,2147.935418778545
2025-06-30 10:24:54.570215,-27.92,128650,573.2622826433104,162.72,2155.3863613226645
2025-06-30 10:24:54.772989,-27.92,129885,573.2622826433104,162.72,2175.972298776774
2025-06-30 10:24:54.975612,-27.92,130530,573.2622826433104,162.72,2186.7236588236574
2025-06-30 10:24:55.178665,-27.93,131511,573.2622826433104,162.72,2203.0757273600802
2025-06-30 10:24:55.383138,-27.93,132352,573.2622826433104,162.72,2217.0941673591947
2025-06-30 10:24:55.586812,-27.93,132333,573.2622826433104,162.72,2216.7774606291314
2025-06-30 10:24:55.794908,-27.94,132484,573.2622826433104,162.72,2219.294445694371
2025-06-30 10:24:55.990111,-27.94,133473,573.2622826433104,162.72,2235.7798644329255
2025-06-30 10:24:56.196093,-27.94,133978,573.2622826433104,162.72,2244.1975959425004
2025-06-30 10:24:56.398582,-27.95,134829,573.2622826433104,162.72,2258.38272369428
2025-06-30 10:24:56.601061,-27.95,135374,573.2622826433104,162.72,2267.4672062145146
2025-06-30 10:24:56.804051,-27.95,135437,573.2622826433104,162.72,2268.517339056303
2025-06-30 10:24:57.008135,-27.96,136160,573.2622826433104,162.72,2280.5688635739725
2025-06-30 10:24:57.211929,-27.96,136727,573.2622826433104,162.72,2290.0200591500698
2025-06-30 10:24:57.415068,-27.96,136958,573.2622826433104,162.72,2293.870546236628
2025-06-30 10:24:57.619774,-27.97,137447,573.2622826433104,162.72,2302.02157734194
2025-06-30 10:24:57.823225,-27.97,137580,573.2622826433104,162.72,2304.2385244523825
2025-06-30 10:24:58.025112,-27.97,137661,573.2622826433104,162.72,2305.5886952489677
2025-06-30 10:24:58.228416,-27.98,137998,573.2622826433104,162.72,2311.2060725137735
2025-06-30 10:24:58.431765,-27.98,138201,573.2622826433104,162.72,2314.58983389287
2025-06-30 10:24:58.635759,-27.98,137790,573.2622826433104,162.72,2307.7389672583445
2025-06-30 10:24:58.839774,-27.99,138931,573.2622826433104,162.72,2326.758039837405
2025-06-30 10:24:59.042282,-27.99,139646,573.2622826433104,162.72,2338.676214152942
2025-06-30 10:24:59.245348,-27.99,139429,573.2622826433104,162.72,2335.0590899201147
2025-06-30 10:24:59.449000,-28.0,140012,573.2622826433104,162.72,2344.7769859004757
2025-06-30 10:24:59.650601,-28.0,140921,573.2622826433104,162.72,2359.928902617711
2025-06-30 10:24:59.855148,-28.0,141410,573.2622826433104,162.72,2368.0799337230224
2025-06-30 10:25:00.057669,-28.01,142903,573.2622826433104,162.72,2392.9664151958864
2025-06-30 10:25:00.260723,-28.01,143466,573.2622826433104,162.72,2402.3509356709174
2025-06-30 10:25:00.465189,-28.01,143997,573.2622826433104,162.72,2411.2020553374214
2025-06-30 10:25:00.668340,-28.02,144306,573.2622826433104,162.72,2416.3527068947656
2025-06-30 10:25:00.875064,-28.02,144591,573.2622826433104,162.72,2421.1033078457144
2025-06-30 10:25:01.073509,-28.02,144880,573.2622826433104,162.72,2425.9205838977286
2025-06-30 10:25:01.279991,-28.03,144979,573.2622826433104,162.72,2427.570792649111
2025-06-30 10:25:01.480955,-28.03,144968,573.2622826433104,162.72,2427.3874361211792
2025-06-30 10:25:01.685006,-28.03,144781,573.2622826433104,162.72,2424.2703751463464
2025-06-30 10:25:01.887990,-28.04,145092,573.2622826433104,162.72,2429.4543642542235
2025-06-30 10:25:02.090672,-28.04,144983,573.2622826433104,162.72,2427.6374677501767
2025-06-30 10:25:02.293662,-28.04,145448,573.2622826433104,162.72,2435.3884482490926
2025-06-30 10:25:02.499443,-28.05,146365,573.2622826433104,162.72,2450.6737151684597
2025-06-30 10:25:02.702328,-28.05,146260,573.2622826433104,162.72,2448.9234937654787
2025-06-30 10:25:02.904937,-28.05,146087,573.2622826433104,162.72,2446.0397956443767
2025-06-30 10:25:03.108070,-28.06,146794,573.2622826433104,162.72,2457.8246197577823
2025-06-30 10:25:03.311925,-28.06,147677,573.2622826433104,162.72,2472.543148318089
2025-06-30 10:25:03.514440,-28.06,148080,573.2622826433104,162.72,2479.2606647504826
2025-06-30 10:25:03.717889,-28.07,148227,573.2622826433104,162.72,2481.7109747146565
2025-06-30 10:25:03.922077,-28.07,148932,573.2622826433104,162.72,2493.4624612775287
2025-06-30 10:25:04.124790,-28.07,149047,573.2622826433104,162.72,2495.3793704331747
2025-06-30 10:25:04.325317,-28.08,149676,573.2622826433104,162.72,2505.8640300757943
2025-06-30 10:25:04.531934,-28.08,150341,573.2622826433104,162.72,2516.948765628007
2025-06-30 10:25:04.736232,-28.08,149992,573.2622826433104,162.72,2511.1313630600034
2025-06-30 10:25:04.937591,-28.09,150169,573.2622826433104,162.72,2514.0817362821717
2025-06-30 10:25:05.139918,-28.09,150804,573.2622826433104,162.72,2524.66640857639
2025-06-30 10:25:05.340431,-28.09,150999,573.2622826433104,162.72,2527.916819753355
2025-06-30 10:25:05.547568,-28.1,151452,573.2622826433104,162.72,2535.467774949073
2025-06-30 10:25:05.750003,-28.1,151605,573.2622826433104,162.72,2538.0180975648454
2025-06-30 10:25:05.954841,-28.1,151070,573.2622826433104,162.72,2529.100302797275
2025-06-30 10:25:06.155995,-28.11,151481,573.2622826433104,162.72,2535.951169431801
2025-06-30 10:25:06.359553,-28.11,152410,573.2622826433104,162.72,2551.4364616543667
2025-06-30 10:25:06.562139,-28.11,152355,573.2622826433104,162.72,2550.5196790147097
2025-06-30 10:25:06.767014,-28.12,152676,573.2622826433104,162.72,2555.8703558752513
2025-06-30 10:25:06.969829,-28.12,152989,573.2622826433104,162.72,2561.087682533662
2025-06-30 10:25:07.172341,-28.12,152616,573.2622826433104,162.72,2554.8702293592623
2025-06-30 10:25:07.376716,-28.13,152845,573.2622826433104,162.72,2558.687378895287
2025-06-30 10:25:07.577943,-28.13,153404,573.2622826433104,162.72,2568.0052242692527
2025-06-30 10:25:07.781242,-28.13,153315,573.2622826433104,162.72,2566.5217032705364
2025-06-30 10:25:07.986189,-28.14,153904,573.2622826433104,162.72,2576.339611902496
2025-06-30 10:25:08.191070,-28.14,154141,573.2622826433104,162.72,2580.290111640653
2025-06-30 10:25:08.392162,-28.14,153958,573.2622826433104,162.72,2577.2397257668863
2025-06-30 10:25:08.594990,-28.15,154495,573.2622826433104,162.72,2586.190858084989
2025-06-30 10:25:08.798738,-28.15,154896,573.2622826433104,162.72,2592.8750369668496
2025-06-30 10:25:09.003175,-28.15,154651,573.2622826433104,162.72,2588.7911870265607
2025-06-30 10:25:09.205184,-28.16,154762,573.2622826433104,162.72,2590.641421081141
2025-06-30 10:25:09.408313,-28.16,154885,573.2622826433104,162.72,2592.691680438919
2025-06-30 10:25:09.611592,-28.16,154650,573.2622826433104,162.72,2588.774518251294
2025-06-30 10:25:09.815009,-28.17,154883,573.2622826433104,162.72,2592.6583428883855
2025-06-30 10:25:10.019039,-28.17,155294,573.2622826433104,162.72,2599.509209522911
2025-06-30 10:25:10.222616,-28.17,155263,573.2622826433104,162.72,2598.9924774896504
2025-06-30 10:25:10.424947,-28.18,155646,573.2622826433104,162.72,2605.3766184167143
2025-06-30 10:25:10.627108,-28.18,156163,573.2622826433104,162.72,2613.994375229487
2025-06-30 10:25:10.831192,-28.18,156202,573.2622826433104,162.72,2614.6444574648804
2025-06-30 10:25:11.034879,-28.19,156977,573.2622826433104,162.72,2627.5627582964066
2025-06-30 10:25:11.238313,-28.19,157134,573.2622826433104,162.72,2630.1797560132454
2025-06-30 10:25:11.440174,-28.19,156811,573.2622826433104,162.72,2624.79574160217
2025-06-30 10:25:11.643798,-28.2,157692,573.2622826433104,162.72,2639.4809326119434
2025-06-30 10:25:11.847500,-28.2,157469,573.2622826433104,162.72,2635.7637957275174
2025-06-30 10:25:12.050005,-28.2,157916,573.2622826433104,162.72,2643.214738271637
2025-06-30 10:25:12.252858,-28.21,158329,573.2622826433104,162.72,2650.098942456695
2025-06-30 10:25:12.457643,-28.21,160682,573.2622826433104,162.72,2689.320570658736
2025-06-30 10:25:12.660465,-28.21,162345,573.2622826433104,162.72,2717.0407439269025
2025-06-30 10:25:12.862456,-28.22,163252,573.2622826433104,162.72,2732.1593230936046
2025-06-30 10:25:13.067887,-28.22,165473,573.2622826433104,162.72,2769.1806729604696
2025-06-30 10:25:13.271260,-28.22,167300,573.2622826433104,162.72,2799.6345253723393
2025-06-30 10:25:13.471847,-28.23,169173,573.2622826433104,162.72,2830.8551414464673
2025-06-30 10:25:13.675693,-28.23,171616,573.2622826433104,162.72,2871.5769594224917
2025-06-30 10:25:13.879881,-28.23,173095,573.2622826433104,162.72,2896.230078041624
2025-06-30 10:25:14.083510,-28.24,174422,573.2622826433104,162.72,2918.349542820251
2025-06-30 10:25:14.287952,-28.24,176243,573.2622826433104,162.72,2948.7033825805215
2025-06-30 10:25:14.490335,-28.24,177664,573.2622826433104,162.72,2972.3897122341978
2025-06-30 10:25:14.692503,-28.25,178937,573.2622826433104,162.72,2993.6090631484344
2025-06-30 10:25:14.897805,-28.25,180770,573.2622826433104,162.72,3024.1629282119025
2025-06-30 10:25:15.100320,-28.25,182437,573.2622826433104,162.72,3051.9497765811343
2025-06-30 10:25:15.304238,-28.26,184274,573.2622826433104,162.72,3082.5703167456686
2025-06-30 10:25:15.505039,-28.26,186015,573.2622826433104,162.72,3111.5906544846202
2025-06-30 10:25:15.710598,-28.26,187494,573.2622826433104,162.72,3136.2437731037526
2025-06-30 10:25:15.911333,-28.27,189225,573.2622826433104,162.72,3165.09742309004
2025-06-30 10:25:16.116638,-28.27,191114,573.2622826433104,162.72,3196.5847395684314
2025-06-30 10:25:16.319946,-28.27,192785,573.2622826433104,162.72,3224.438263038729
2025-06-30 10:25:16.522599,-28.28,194186,573.2622826433104,162.72,3247.7912171870757
2025-06-30 10:25:16.724228,-28.28,195507,573.2622826433104,162.72,3269.810669314103
2025-06-30 10:25:16.928124,-28.28,196804,573.2622826433104,162.72,3291.430070834735
2025-06-30 10:25:17.131647,-28.29,198579,573.2622826433104,162.72,3321.0171469327474
2025-06-30 10:25:17.336360,-28.29,200188,573.2622826433104,162.72,3347.837206336523
2025-06-30 10:25:17.538954,-28.29,202109,573.2622826433104,162.72,3379.8579236234423
2025-06-30 10:25:17.741517,-28.3,203774,573.2622826433104,162.72,3407.611434442141
2025-06-30 10:25:17.944344,-28.3,205605,573.2622826433104,162.72,3438.1319619550763
2025-06-30 10:25:18.148640,-28.3,207876,573.2622826433104,162.72,3475.986750585266
2025-06-30 10:25:18.352620,-28.31,209951,573.2622826433104,162.72,3510.5744592632236
2025-06-30 10:25:18.555297,-28.31,211880,573.2622826433104,162.72,3542.728526752275
2025-06-30 10:25:18.757395,-28.31,213683,573.2622826433104,162.72,3572.7823285577483
2025-06-30 10:25:18.961612,-28.32,215920,573.2622826433104,162.72,3610.0703788288774
2025-06-30 10:25:19.162344,-28.32,217727,573.2622826433104,162.72,3640.190855735417
2025-06-30 10:25:19.368205,-28.32,219800,573.2622826433104,162.72,3674.7452268628417
2025-06-30 10:25:19.570093,-28.33,221853,573.2622826433104,162.72,3708.966222484937
2025-06-30 10:25:19.775449,-28.33,223206,573.2622826433104,162.72,3731.5190754204923
2025-06-30 10:25:19.978276,-28.33,224757,573.2622826433104,162.72,3757.372345858812
2025-06-30 10:25:20.181772,-28.34,226638,573.2622826433104,162.72,3788.726312135071
2025-06-30 10:25:20.385464,-28.34,227747,573.2622826433104,162.72,3807.2119839056045
2025-06-30 10:25:20.588901,-28.34,228752,573.2622826433104,162.72,3823.9641030484227
2025-06-30 10:25:20.791120,-28.35,229905,573.2622826433104,162.72,3843.1832009306804
2025-06-30 10:25:20.993854,-28.35,230840,573.2622826433104,162.72,3858.768505804844
2025-06-30 10:25:21.197172,-28.35,232055,573.2622826433104,162.72,3879.0210677536243
2025-06-30 10:25:21.398967,-28.36,232900,573.2622826433104,162.72,3893.1061828538054
2025-06-30 10:25:21.604532,-28.36,234389,573.2622826433104,162.72,3917.9259892256023
2025-06-30 10:25:21.806966,-28.36,236862,573.2622826433104,162.72,3959.147870459622
2025-06-30 10:25:22.010674,-28.37,239989,573.2622826433104,162.72,4011.2711307179234
2025-06-30 10:25:22.212995,-28.37,243086,573.2622826433104,162.72,4062.894327718229
2025-06-30 10:25:22.418503,-28.37,246221,573.2622826433104,162.72,4115.150938178662
2025-06-30 10:25:22.621224,-28.38,249106,573.2622826433104,162.72,4163.240354822473
2025-06-30 10:25:22.823936,-28.38,251715,573.2622826433104,162.72,4206.729189492735
2025-06-30 10:25:23.026195,-28.38,255688,573.2622826433104,162.72,4272.954233626483
2025-06-30 10:25:23.231576,-28.39,263223,573.2622826433104,162.72,4398.553455259453
2025-06-30 10:25:23.434182,-28.39,270924,573.2622826433104,162.72,4526.91969358666
2025-06-30 10:25:23.637560,-28.39,279981,573.2622826433104,162.72,4677.888791175222
2025-06-30 10:25:23.847497,-28.4,289642,573.2622826433104,162.72,4838.925829024741
2025-06-30 10:25:24.043889,-28.4,298433,573.2622826433104,162.72,4985.461032392417
2025-06-30 10:25:24.246911,-28.4,309876,573.2622826433104,162.72,5176.201827766813
2025-06-30 10:25:24.450113,-28.41,321179,573.2622826433104,162.72,5364.608994603903
2025-06-30 10:25:24.654031,-28.41,332238,573.2622826433104,162.72,5548.948980275968
2025-06-30 10:25:24.857593,-28.42,345849,573.2622826433104,162.72,5775.827680428106
2025-06-30 10:25:25.060655,-28.42,358924,573.2622826433104,162.72,5993.771917037408
2025-06-30 10:25:25.263889,-28.42,371885,573.2622826433104,162.72,6209.815913266329
2025-06-30 10:25:25.467222,-28.42,387638,573.2622826433104,162.72,6472.39913003928
2025-06-30 10:25:25.671800,-28.43,402155,573.2622826433104,162.72,6714.379740582854
2025-06-30 10:25:25.874397,-28.43,416684,573.2622826433104,162.72,6956.560376429625
2025-06-30 10:25:26.077296,-28.44,433333,573.2622826433104,162.72,7234.078815841347
2025-06-30 10:25:26.281146,-28.44,448510,573.2622826433104,162.72,7487.0608180608015
2025-06-30 10:25:26.482228,-28.44,463635,573.2622826433104,162.72,7739.1760439663985
2025-06-30 10:25:27.499633,-28.44,479530,573.2622826433104,162.72,8004.126226827189
2025-06-30 10:25:27.703098,-28.44,478357,573.2622826433104,162.72,7984.573753439601
2025-06-30 10:25:27.906452,-28.44,480814,573.2622826433104,162.72,8025.528934269358
2025-06-30 10:25:28.110303,-28.44,475633,573.2622826433104,162.72,7939.168009613693
2025-06-30 10:25:28.312731,-28.44,471594,573.2622826433104,162.72,7871.842826312359
2025-06-30 10:25:28.522941,-28.44,468781,573.2622826433104,162.72,7824.953561487734
2025-06-30 10:25:28.718208,-28.44,466348,573.2622826433104,162.72,7784.398431264373
2025-06-30 10:25:28.922547,-28.44,463731,573.2622826433104,162.72,7740.776246391982
2025-06-30 10:25:29.126925,-28.44,461042,573.2622826433104,162.72,7695.953909700401
2025-06-30 10:25:29.330255,-28.44,458623,573.2622826433104,162.72,7655.632142330772
2025-06-30 10:25:29.532231,-28.44,456478,573.2622826433104,162.72,7619.8776193841595
2025-06-30 10:25:29.736444,-28.44,453039,573.2622826433104,162.72,7562.553701242716
2025-06-30 10:25:29.938198,-28.44,451004,573.2622826433104,162.72,7528.6327435754165
2025-06-30 10:25:30.143229,-28.44,448817,573.2622826433104,162.72,7492.178132067612
2025-06-30 10:25:30.347557,-28.44,446576,573.2622826433104,162.72,7454.823406695417
2025-06-30 10:25:30.549443,-28.44,444593,573.2622826433104,162.72,7421.769225341976
2025-06-30 10:25:30.754349,-28.44,442494,573.2622826433104,162.72,7386.781466057622
2025-06-30 10:25:30.958191,-28.44,440187,573.2622826433104,162.72,7348.32660151784
2025-06-30 10:25:31.160478,-28.44,438288,573.2622826433104,162.72,7316.6725972867835
2025-06-30 10:25:31.363657,-28.44,436339,573.2622826433104,162.72,7284.185154292402
2025-06-30 10:25:31.568024,-28.44,435910,573.2622826433104,162.72,7277.034249703081
2025-06-30 10:25:31.770001,-28.44,435853,573.2622826433104,162.72,7276.084129512891
2025-06-30 10:25:31.973015,-28.44,435728,573.2622826433104,162.72,7274.000532604579
2025-06-30 10:25:32.168925,-28.44,435571,573.2622826433104,162.72,7271.383534887742
2025-06-30 10:25:32.379378,-28.44,435350,573.2622826433104,162.72,7267.699735553848
2025-06-30 10:25:32.582683,-28.44,435235,573.2622826433104,162.72,7265.782826398203
2025-06-30 10:25:32.786787,-28.44,437156,573.2622826433104,162.72,7297.803543685122
2025-06-30 10:25:32.982775,-28.44,437049,573.2622826433104,162.72,7296.019984731607
2025-06-30 10:25:33.187775,-28.44,436796,573.2622826433104,162.72,7291.802784589187
2025-06-30 10:25:33.397150,-28.44,436529,573.2622826433104,162.72,7287.352221593035
2025-06-30 10:25:33.587269,-28.44,436410,573.2622826433104,162.72,7285.368637336323
2025-06-30 10:25:33.787803,-28.44,436261,573.2622826433104,162.72,7282.884989821617
2025-06-30 10:25:34.003259,-28.44,436090,573.2622826433104,162.72,7280.034629251048
2025-06-30 10:25:34.209738,-28.44,435935,573.2622826433104,162.72,7277.450969084743
2025-06-30 10:25:34.403214,-28.44,435844,573.2622826433104,162.72,7275.934110535492
2025-06-30 10:25:34.615529,-28.44,435705,573.2622826433104,162.72,7273.61715077345
2025-06-30 10:25:34.816936,-28.44,435596,573.2622826433104,162.72,7271.800254269403
2025-06-30 10:25:35.022301,-28.44,435451,573.2622826433104,162.72,7269.383281855763
2025-06-30 10:25:35.225486,-28.44,435260,573.2622826433104,162.72,7266.199545779865
2025-06-30 10:25:35.428219,-28.44,435159,573.2622826433104,162.72,7264.51599947795
