timestamp,channel,process,time,voltage,current,abs_voltage,abs_current,impedance_phase,impedance_modulus,voltage_ce,abs_voltage_ce,abs_current_ce,impedance_ce_phase,impedance_ce_modulus,frequency
2025-07-02 16:45:40.286112,2.0,0.0,1.0000080353711382,0.00012450637586880475,-6.388846941263182e-06,,,,,,,,,,
2025-07-02 16:45:40.286112,2.0,0.0,2.0000160707422765,-0.0007156367646530271,-4.099784746358637e-06,,,,,,,,,,
2025-07-02 16:45:40.286112,2.0,0.0,3.0000241061134147,-0.0007920134230516851,1.0124535947397817e-06,,,,,,,,,,
2025-07-02 16:45:40.286112,2.0,0.0,4.000032141484553,-0.00025737687246873975,-3.4893685096903937e-06,,,,,,,,,,
2025-07-02 16:45:40.286112,2.0,0.0,5.000040176855691,-0.00018100022862199694,3.301515789644327e-06,,,,,,,,,,
2025-07-02 16:45:40.286112,2.0,0.0,6.0000482122268295,-0.00010462357749929652,-3.4130662243114784e-06,,,,,,,,,,
2025-07-02 16:45:40.286112,2.0,0.0,7.000056247597968,0.000888272887095809,-2.8468164714468003e-07,,,,,,,,,,
2025-07-02 16:45:40.286112,2.0,0.0,8.000064282969106,0.001117402920499444,-9.135720574704465e-06,,,,,,,,,,
2025-07-02 16:45:40.286112,2.0,0.0,9.000072318340244,-0.0010211432818323374,2.0043805761815747e-06,,,,,,,,,,
2025-07-02 16:45:40.286112,2.0,0.0,10.000080353711382,0.00012450637586880475,-7.914887646620627e-06,,,,,,,,,,
2025-07-02 16:45:40.286112,2.0,0.0,11.00008838908252,0.0008118962869048119,-8.754211194172967e-06,,,,,,,,,,
2025-07-02 16:45:40.286112,2.0,0.0,12.000096424453659,-0.0008683900814503431,6.429901077353861e-06,,,,,,,,,,
2025-07-02 16:45:40.286112,2.0,0.0,13.000104459824797,-0.0010975199984386563,2.0043805761815747e-06,,,,,,,,,,
2025-07-02 16:45:40.286112,2.0,0.0,14.000112495195935,-0.00025737687246873975,-3.947180630348157e-06,,,,,,,,,,
2025-07-02 16:45:40.286112,2.0,0.0,15.000120530567074,-0.0008683900814503431,3.988234766438836e-06,,,,,,,,,,
2025-07-02 16:45:40.286112,2.0,0.0,16.000128565938212,0.0002772596781142056,-4.023482688353397e-06,,,,,,,,,,
2025-07-02 16:45:40.286112,2.0,0.0,17.00013660130935,-0.000639260106254369,2.0043805761815747e-06,,,,,,,,,,
2025-07-02 16:45:40.286112,2.0,0.0,18.00014463668049,-0.0007920134230516851,-1.5055146604936454e-06,,,,,,,,,,
2025-07-02 16:45:40.286112,2.0,0.0,19.000152672051627,-0.000562883447855711,-5.931034593231743e-06,,,,,,,,,,
2025-07-02 16:45:40.286112,2.0,0.0,20.000160707422765,-0.000639260106254369,3.6830263070442015e-06,,,,,,,,,,
2025-07-02 16:45:40.286112,2.0,0.0,21.000168742793903,-0.002014039782807231,1.184734810522059e-05,,,,,,,,,,
2025-07-02 16:45:40.286112,2.0,0.0,22.00017677816504,0.0008118962869048119,-5.8547320804791525e-06,,,,,,,,,,
2025-07-02 16:45:40.286112,2.0,0.0,23.00018481353618,-0.0003337535308673978,3.301515789644327e-06,,,,,,,,,,
2025-07-02 16:45:40.286112,2.0,0.0,24.000192848907318,-0.00010462357749929652,-3.3367641663062386e-06,,,,,,,,,,
2025-07-02 16:45:40.286112,2.0,0.0,25.000200884278456,-0.0010975199984386563,3.377817847649567e-06,,,,,,,,,,
2025-07-02 16:45:40.286112,2.0,0.0,26.000208919649594,-2.8246926376596093e-05,-6.999263405305101e-06,,,,,,,,,,
2025-07-02 16:45:40.286112,2.0,0.0,27.000216955020733,-0.0008683900814503431,-1.0477023124622065e-06,,,,,,,,,,
2025-07-02 16:45:40.286112,2.0,0.0,28.00022499039187,-0.0007156367646530271,-5.135878495821089e-07,,,,,,,,,,
2025-07-02 16:45:40.286112,2.0,0.0,29.00023302576301,-0.000562883447855711,1.622870172468538e-06,,,,,,,,,,
2025-07-02 16:45:40.286112,2.0,0.0,30.000241061134147,0.00012450637586880475,-5.702127964468673e-06,,,,,,,,,,
2025-07-02 16:45:40.286112,2.0,0.0,31.000249096505286,-0.0022431695833802223,4.6749532884859946e-06,,,,,,,,,,
2025-07-02 16:45:40.286112,2.0,0.0,32.000257131876424,0.0002008830342674628,-5.931034593231743e-06,,,,,,,,,,
2025-07-02 16:45:40.286112,2.0,0.0,33.00026516724756,-0.0003337535308673978,-1.3207751692334568e-07,,,,,,,,,,
2025-07-02 16:45:40.286112,2.0,0.0,34.0002732026187,-0.00018100022862199694,-5.898899075873487e-07,,,,,,,,,,
2025-07-02 16:45:40.286112,2.0,0.0,35.00028123798984,4.812972474610433e-05,-5.898899075873487e-07,,,,,,,,,,
2025-07-02 16:45:40.286112,2.0,0.0,36.00028927336098,-0.00010462357749929652,-2.9552538762800395e-06,,,,,,,,,,
2025-07-02 16:45:40.286112,2.0,0.0,37.000297308732115,-0.0015557799488306046,2.3858910935814492e-06,,,,,,,,,,
2025-07-02 16:45:40.286112,2.0,0.0,38.00030534410325,0.00012450637586880475,7.835473638806434e-07,,,,,,,,,,
2025-07-02 16:45:40.286112,2.0,0.0,39.00031337947439,0.0008118962869048119,-6.312544883257942e-06,,,,,,,,,,
2025-07-02 16:45:40.286112,2.0,0.0,40.00032141484553,-0.0007920134230516851,1.928078518176335e-06,,,,,,,,,,
2025-07-02 16:45:40.286112,2.0,0.0,41.00032945021667,-0.0003337535308673978,1.6991722304737777e-06,,,,,,,,,,
2025-07-02 16:45:40.286112,2.0,0.0,42.000337485587806,0.0002772596781142056,-4.710201665147906e-06,,,,,,,,,,
2025-07-02 16:45:40.286112,2.0,0.0,43.000345520958945,-0.0014030266320332885,3.4541199056548066e-06,,,,,,,,,,
2025-07-02 16:45:40.286112,2.0,0.0,44.00035355633008,-0.00018100022862199694,-1.7344208345093648e-06,,,,,,,,,,
2025-07-02 16:45:40.286112,2.0,0.0,45.00036159170122,-0.0012502733152359724,2.462193151586689e-06,,,,,,,,,,
2025-07-02 16:45:40.286112,2.0,0.0,46.00036962707236,-0.0008683900814503431,1.2413598824423389e-06,,,,,,,,,,
2025-07-02 16:45:40.286112,2.0,0.0,47.0003776624435,0.000888272887095809,2.233286750197294e-06,,,,,,,,,,
2025-07-02 16:45:40.286112,2.0,0.0,48.000385697814636,0.000888272887095809,-6.083638254494872e-06,,,,,,,,,,
2025-07-02 16:45:40.286112,2.0,0.0,49.000393733185774,-0.0008683900814503431,5.5142759265436325e-06,,,,,,,,,,
2025-07-02 16:45:40.286112,2.0,0.0,50.00040176855691,-0.0008683900814503431,5.972088729322422e-06,,,,,,,,,,
2025-07-02 16:45:40.286112,2.0,0.0,51.00040980392805,0.00035363633651286364,8.598494218858832e-07,,,,,,,,,,
2025-07-02 16:45:40.286112,2.0,0.0,52.00041783929919,0.0005827663117088377,-4.099784746358637e-06,,,,,,,,,,
2025-07-02 16:45:40.286112,2.0,0.0,53.00042587467033,0.0004300129949115217,-6.312544883257942e-06,,,,,,,,,,
2025-07-02 16:45:40.286112,2.0,0.0,54.000433910041465,0.000964649545494467,-8.906814400688745e-06,,,,,,,,,,
2025-07-02 16:45:40.286112,2.0,0.0,55.000441945412604,0.001041026203893125,-5.168013558431994e-06,,,,,,,,,,
2025-07-02 16:45:40.286112,2.0,0.0,56.00044998078374,-0.0007920134230516851,2.538495209591929e-06,,,,,,,,,,
2025-07-02 16:45:40.286112,2.0,0.0,57.00045801615488,-0.0008683900814503431,2.4943284415712697e-07,,,,,,,,,,
2025-07-02 16:45:40.286112,2.0,0.0,58.00046605152602,-0.00018100022862199694,-2.2685353542328812e-06,,,,,,,,,,
2025-07-02 16:45:40.286112,2.0,0.0,59.00047408689716,-0.002166792983189225,9.710890481073875e-06,,,,,,,,,,
2025-07-02 16:45:40.286112,2.0,0.0,60.000482122268295,-0.0009447667398490012,3.759328137675766e-06,,,,,,,,,,
2025-07-02 16:45:40.286112,2.0,0.0,61.00049015763943,0.001117402920499444,-7.22816957932082e-06,,,,,,,,,,
2025-07-02 16:45:40.286112,2.0,0.0,62.00049819301057,0.0002008830342674628,1.3939639984528185e-06,,,,,,,,,,
2025-07-02 16:45:40.286112,2.0,0.0,63.00050622838171,-0.00018100022862199694,-2.6500456442590803e-06,,,,,,,,,,
2025-07-02 16:45:40.286112,2.0,0.0,64.00051426375285,0.00012450637586880475,-6.661919655925885e-07,,,,,,,,,,
2025-07-02 16:45:40.286112,2.0,0.0,65.00052229912399,-0.0016321565490216017,5.209068149270024e-06,,,,,,,,,,
2025-07-02 16:45:40.286112,2.0,0.0,66.00053033449512,-0.0017849098658189178,5.666880042554112e-06,,,,,,,,,,
2025-07-02 16:45:40.286112,2.0,0.0,67.00053836986626,0.0005063896533101797,-2.421139470243361e-06,,,,,,,,,,
2025-07-02 16:45:40.286112,2.0,0.0,68.0005464052374,-0.0007920134230516851,4.6749532884859946e-06,,,,,,,,,,
2025-07-02 16:45:40.286112,2.0,0.0,69.00055444060854,-0.0007156367646530271,-1.0477023124622065e-06,,,,,,,,,,
2025-07-02 16:45:40.286112,2.0,0.0,70.00056247597968,-0.000562883447855711,-1.3529105444831657e-06,,,,,,,,,,
2025-07-02 16:45:40.286112,2.0,0.0,71.00057051135082,0.0008118962869048119,-1.3256032616482116e-05,,,,,,,,,,
2025-07-02 16:45:40.286112,2.0,0.0,72.00057854672195,-0.00010462357749929652,-1.8107228925146046e-06,,,,,,,,,,
2025-07-02 16:45:40.286112,2.0,0.0,73.00058658209309,0.0005063896533101797,-2.2685353542328812e-06,,,,,,,,,,
2025-07-02 16:45:40.286112,2.0,0.0,74.00059461746423,-0.00018100022862199694,2.4943284415712697e-07,,,,,,,,,,
2025-07-02 16:45:40.286112,2.0,0.0,75.00060265283537,-0.00018100022862199694,-3.870878572342917e-06,,,,,,,,,,
2025-07-02 16:45:40.286112,2.0,0.0,76.0006106882065,-0.00025737687246873975,-3.947180630348157e-06,,,,,,,,,,
2025-07-02 16:45:40.286112,2.0,0.0,77.00061872357765,-0.0012502733152359724,9.253078133042436e-06,,,,,,,,,,
2025-07-02 16:45:40.286112,2.0,0.0,78.00062675894878,0.00035363633651286364,1.851776460171095e-06,,,,,,,,,,
2025-07-02 16:45:40.286112,2.0,0.0,79.00063479431992,-0.00025737687246873975,-1.5818167184988852e-06,,,,,,,,,,
2025-07-02 16:45:40.286112,2.0,1.0,80.81500244140625,-0.011413048021495342,-1.7270424734761036e-07,0.02407539263367653,4.10544998885598e-06,0.12528473138809204,5864.251835737341,0.0010678103426471353,7.331856613745913e-05,5.852856247656746e-06,-0.7929561138153076,12.526971966347714,1000031.1875
2025-07-02 16:45:40.286112,2.0,1.0,81.62100219726562,-0.01128707081079483,-1.3732883985539956e-07,0.022768806666135788,3.702945377881406e-06,0.16005349159240723,6148.836761713908,0.0010714178206399083,5.647293437505141e-05,5.2900827540725e-06,-0.4453784227371216,10.675245927216633,820890.5625
2025-07-02 16:45:40.286112,2.0,1.0,82.13500213623047,-0.011343961581587791,-1.8997283746102767e-07,0.020063653588294983,2.993350335600553e-06,0.42539453506469727,6702.741523327115,0.0010571558959782124,5.590559885604307e-05,3.3332444218103774e-06,0.46579623222351074,16.772127027420087,673859.3125
2025-07-02 16:45:40.286112,2.0,1.0,82.94100189208984,-0.011263799853622913,-1.4118494107151491e-07,0.01675231009721756,3.1927606869430747e-06,-0.16102337837219238,5246.967041947997,0.0010694882366806269,5.6401651818305254e-05,4.596792223310331e-06,0.255418062210083,12.26978490180446,553171.8125
2025-07-02 16:45:40.286112,2.0,1.0,83.52799987792969,-0.011624538339674473,-1.0813810291665504e-07,0.020124737173318863,3.580105385481147e-06,-0.02819061279296875,5621.269489700847,0.0009801413398236036,6.412381480913609e-05,4.670717316912487e-06,0.8003926277160645,13.72890082149614,454093.71875
2025-07-02 16:45:40.286112,2.0,1.0,83.96900177001953,-0.011277393437922001,-8.067978285453137e-08,0.01983737386763096,2.880330384869012e-06,-0.3704357147216797,6887.186960162939,0.00018474369426257908,4.6484732592944056e-05,4.2631345422705635e-06,0.17389917373657227,10.903885892418044,372765.59375
2025-07-02 16:45:40.286112,2.0,1.0,84.19100189208984,-0.011808729730546474,8.179745236702729e-08,0.02006484568119049,2.5694960186228855e-06,-0.05978578329086304,7808.864281464888,0.0010658807586878538,2.7855063308379613e-05,3.779736516662524e-06,0.48732662200927734,7.36957806068858,305999.96875
2025-07-02 16:45:40.286112,2.0,1.0,84.99700164794922,-0.01179888378828764,2.1551232975980383e-07,0.018117396160960197,2.853845671779709e-06,-0.43595075607299805,6348.414821486078,0.0010563168907538056,2.189143378927838e-05,4.5022361518931575e-06,1.5044078826904297,4.862346854034565,251187.46875
2025-07-02 16:45:40.286112,2.0,1.0,85.43800354003906,-0.011559031903743744,-1.1531056998137501e-08,0.02003958448767662,3.2454097436129814e-06,-0.055670082569122314,6174.747126187947,0.0010446556843817234,3.4363441955065355e-05,3.778673544729827e-06,1.9349284172058105,9.094048889984837,206203.109375
2025-07-02 16:45:40.286112,2.0,1.0,86.1709976196289,-0.011423415504395962,-2.512790047148883e-07,0.020090848207473755,2.7626113023870857e-06,-0.1938037872314453,7272.41222466363,0.0010628605959936976,2.4067167032626458e-05,3.745610911209951e-06,0.9963408708572388,6.425431686082952,169265.625
2025-07-02 16:45:40.286112,2.0,1.0,86.53900146484375,-0.011885274201631546,-1.5782015339027566e-07,0.019846290349960327,2.254686023661634e-06,0.008903741836547852,8802.241261836423,0.0010482630459591746,3.0159248126437888e-05,2.4759481220826274e-06,1.972618579864502,12.180888548290598,138953.109375
2025-07-02 16:45:40.286112,2.0,1.0,86.61499786376953,-0.011230235919356346,-2.9080854346830165e-07,0.02010340616106987,2.510682406864362e-06,-0.42596912384033203,8007.148218391107,0.001041887211613357,3.5808221582556143e-05,2.9555512810475193e-06,1.180026650428772,12.115581215652208,114062.5
2025-07-02 16:45:40.286112,2.0,1.0,86.83699798583984,-0.012267847545444965,1.5048051693611342e-07,0.020195407792925835,3.081694785578293e-06,-0.3779345452785492,6553.344571122439,0.0010932302102446556,2.398217111476697e-05,3.5838561416312587e-06,1.9665063619613647,6.691722593488655,93640.625
2025-07-02 16:45:40.286112,2.0,1.0,87.49700164794922,-0.011261561885476112,-1.6270077196622879e-07,0.019912298768758774,3.3299752431048546e-06,-0.10384896397590637,5979.713756127698,0.0010386991780251265,9.903565114655066e-06,3.5613470572570805e-06,2.7402100563049316,2.780848076705759,76859.375
2025-07-02 16:45:40.286112,2.0,1.0,88.15699768066406,-0.011929522268474102,-1.1864452176268969e-07,0.01990429498255253,3.5151124393451028e-06,-0.0743207335472107,5662.4916915206495,0.001056736335158348,1.4720228136866353e-05,3.6991054912505206e-06,2.6509764194488525,3.9794020937451093,63093.75
2025-07-02 16:45:40.286112,2.0,1.0,88.88999938964844,-0.011834181845188141,-6.760260617966196e-08,0.019818762317299843,2.387635049672099e-06,-0.33571505546569824,8300.582754479841,0.0010678942780941725,1.4373816156876273e-05,2.7848188892676262e-06,1.28999662399292,5.161490469729044,51796.875
2025-07-02 16:45:40.286112,2.0,1.0,89.69599914550781,-0.01132915634661913,-2.9742162155343976e-07,0.020769977942109108,2.337881142011611e-06,-0.10352182388305664,8884.103459698446,0.0010703271254897118,2.693983697099611e-05,2.2382018869393505e-06,-2.2769429683685303,12.03637488119324,42515.625
2025-07-02 16:45:40.286112,2.0,1.0,89.91799926757812,-0.011344763450324535,-2.208960125926751e-07,0.019955752417445183,2.299398374816519e-06,-0.3395431339740753,8678.684231494924,0.0010737668490037322,2.0270883396733552e-05,2.3641553070774535e-06,2.6519739627838135,8.574260470980745,34906.25
2025-07-02 16:45:40.286112,2.0,1.0,90.13999938964844,-0.011504845693707466,-1.879981823549315e-07,0.020052986219525337,2.8968913738935953e-06,-0.24791574478149414,6922.243063802881,0.0010721728904172778,1.763174259394873e-05,2.7599671739153564e-06,-2.5545811653137207,6.388388514395231,28656.25
2025-07-02 16:45:40.286112,2.0,1.0,90.28900146484375,-0.012240343727171421,1.9096005132723803e-07,0.019896388053894043,2.1549856228375575e-06,-0.1552671641111374,9232.724266482881,0.0010696559911593795,9.244727152690757e-06,2.1492012365342816e-06,3.067800998687744,4.301471167771355,23515.625
2025-07-02 16:45:40.286112,2.0,1.0,90.36499786376953,-0.01155729778110981,-8.628691716694448e-08,0.02010175958275795,1.7923802033692482e-06,-0.40543484687805176,11215.120288079184,0.0010720889549702406,1.715612961561419e-05,1.8063124116451945e-06,3.121650457382202,9.497875065802344,19312.5
2025-07-02 16:45:40.286112,2.0,1.0,90.66400146484375,-0.011244482360780239,-3.4090044209733605e-07,0.019804619252681732,1.81087830242177e-06,-0.6249608993530273,10936.471670236544,0.0010620217071846128,1.537102616566699e-05,1.7737307871357189e-06,-1.8779683113098145,8.665929619730314,15842.0126953125
2025-07-02 16:45:40.286112,2.0,1.0,91.36199951171875,-0.011395296081900597,-7.265649628607207e-07,0.02013370953500271,2.2611807253269944e-06,-0.21749460697174072,8904.069148250468,0.001106988755054772,1.7751595805748366e-05,2.221667500634794e-06,-2.292982339859009,7.9902126671413365,13012.37890625
2025-07-02 16:45:40.286112,2.0,1.0,91.98899841308594,-0.011531882919371128,-2.288876146394614e-07,0.02015729807317257,1.995004367927322e-06,-0.20423674583435059,10103.88668678188,0.0011002772953361273,1.0513219422136899e-05,2.0280483568058116e-06,2.9252986907958984,5.183909637487778,10684.7431640625
2025-07-02 16:45:40.286112,2.0,1.0,92.23899841308594,-0.011566845700144768,-2.692181340080424e-07,0.02007049135863781,7.859322863623674e-07,-0.714975118637085,25537.17630246834,0.0010854280553758144,2.1784308046335354e-06,8.061145990723162e-07,-3.113934278488159,2.702383516116062,8763.365234375
2025-07-02 16:45:40.286112,2.0,1.0,92.39099884033203,-0.011690901592373848,1.4520863089728664e-07,0.019952936097979546,1.7428561704946333e-06,-0.25651198625564575,11448.412345074225,0.001080226618796587,4.171159616817022e-06,1.7871194586405181e-06,0.616642951965332,2.334012758156676,7213.16748046875
2025-07-02 16:45:40.286112,2.0,1.0,92.75499725341797,-0.01079011894762516,-4.963732749274641e-07,0.019851256161928177,1.9873609744536225e-06,-0.03482987731695175,9988.752127622818,0.0010955792386084795,2.040308027062565e-05,1.970990751942736e-06,-1.0776536464691162,10.351687470128946,5905.4638671875
2025-07-02 16:45:40.286112,2.0,1.0,94.20600128173828,-0.01171676442027092,-5.749108709096618e-07,0.01980096846818924,1.7408621033609961e-06,-0.5186765193939209,11374.231439676061,0.0010884482180699706,1.3926977771916427e-05,1.7309879467575229e-06,-0.9471821784973145,8.045681541575355,4850.3427734375
2025-07-02 16:45:40.286112,2.0,1.0,96.48600006103516,-0.011426921002566814,-2.2654417080048006e-06,0.020081764087080956,1.946380962181138e-06,0.011872053146362305,10317.488958881457,0.0010825756471604109,2.069123729597777e-05,1.948760882442002e-06,-3.1266958713531494,10.61763784484912,3981.180419921875
2025-07-02 16:45:40.286112,2.0,1.0,97.11000061035156,-0.011611783877015114,-1.2460564846605848e-07,0.020146900787949562,1.917753706948133e-06,0.03835487365722656,10505.468306465094,0.0010907972464337945,1.185974178952165e-05,1.917761210279423e-06,0.34840115904808044,6.1841598036043575,3266.86328125
2025-07-02 16:45:40.286112,2.0,1.0,97.94100189208984,-0.011500462889671326,8.628691006151712e-08,0.020113471895456314,1.6478701354571967e-06,0.08024799823760986,12205.738463653806,0.0010854280553758144,1.3592155482911039e-05,1.6541770264666411e-06,1.3549261093139648,8.216868730152894,2682.425048828125
2025-07-02 16:45:40.286112,2.0,1.0,98.35800170898438,-0.011385133489966393,-1.497726600518945e-07,0.019863758236169815,1.9611845800682204e-06,0.6584582924842834,10128.449121030131,0.00109482416883111,1.273980956284504e-06,1.963146132766269e-06,-2.817436695098877,0.6489486111201194,2203.52392578125
2025-07-02 16:45:40.286112,2.0,1.0,98.56700134277344,-0.011936421506106853,3.7024011589892325e-07,0.019935771822929382,1.0546295925450977e-06,-0.048575639724731445,18903.10300777654,0.0010981799568980932,1.810763387766201e-05,1.0533732393014361e-06,-1.0238215923309326,17.190140400443838,1808.2633056640625
2025-07-02 16:45:40.286112,2.0,1.0,99.81200408935547,-0.011677793227136135,1.5917997586711863e-07,0.020197514444589615,2.1302246295817895e-06,-0.4037961959838867,9481.401240091209,0.0010881127091124654,5.889920885238098e-06,2.1186242520343512e-06,-1.8032474517822266,2.780068659925167,1483.574462890625
2025-07-02 16:45:40.286112,2.0,1.0,102.09200286865234,-0.011416311375796795,-1.7764079984772252e-07,0.019812513142824173,1.5167993296927307e-06,0.13378405570983887,13062.0529393547,0.0011002772953361273,1.5218559383356478e-05,1.519054308118939e-06,1.497936725616455,10.018443252500814,1218.8330078125
2025-07-02 16:45:40.286112,2.0,1.0,102.50900268554688,-0.011883912608027458,-2.548556494730292e-07,0.020178673788905144,1.893218268378405e-06,-0.5598602294921875,10658.397991367763,0.001095998683013022,1.757713471306488e-05,1.8927003111457452e-06,-2.3411672115325928,9.286802886625283,999.0408935546875
2025-07-02 16:45:40.286112,2.0,1.0,103.34000396728516,-0.011163312941789627,-9.385007615492214e-07,0.019925421103835106,1.293349214392947e-06,0.4745197296142578,15406.064257121308,0.0010834146523848176,1.4917201951902825e-05,1.290904265260906e-06,-1.1733636856079102,11.5556221738007,821.314697265625
2025-07-02 16:45:40.286112,2.0,1.0,105.61900329589844,-0.010967914946377277,-4.0071631701721344e-07,0.0205073319375515,1.0404817203379935e-06,-0.23728704452514648,19709.45912523079,0.001066300319507718,1.1485918548714835e-05,1.0399585335107986e-06,-1.59852933883667,11.04459281654192,674.352783203125
2025-07-02 16:45:40.286112,2.0,1.0,106.24600219726562,-0.01223847921937704,4.556328576654778e-07,0.019959263503551483,1.5575142242596485e-06,0.3944054841995239,12814.819404322907,0.0010340011212974787,1.4666122297057882e-05,1.5559860457869945e-06,-1.3773486614227295,9.425612997473879,553.0528564453125
2025-07-02 16:45:40.286112,2.0,1.0,108.5250015258789,-0.010816000401973724,-1.6001830260847782e-07,0.019457990303635597,2.070321443170542e-06,-0.08936667442321777,9398.535849504193,0.0010405448265373707,5.8076575442100875e-06,2.0744355424540117e-06,0.7723637819290161,2.799632683375525,454.5636291503906
2025-07-02 16:45:40.286112,2.0,1.0,108.73600006103516,-0.01178944855928421,2.21231232444552e-07,0.019899267703294754,2.3866448373155436e-06,-0.5270093679428101,8337.75825886063,0.0010355112608522177,6.646201654803008e-06,2.391996986261802e-06,2.246889114379883,2.7785158982117495,372.7339172363281
2025-07-02 16:45:40.286112,2.0,1.0,110.79900360107422,-0.01103944331407547,-2.3188677289454063e-07,0.019911441951990128,1.9249150682298932e-06,0.027854323387145996,10344.062593005843,0.0010416355216875672,1.139549658546457e-05,1.922848014146439e-06,-1.2739675045013428,5.92636365517588,306.27398681640625
2025-07-02 16:45:40.286112,2.0,1.0,112.24400329589844,-0.011529906652867794,-2.9488819563994184e-07,0.01998273842036724,1.3554032420870499e-06,0.3774782419204712,14743.020969610357,0.0010490181157365441,8.75955265655648e-06,1.35560981107119e-06,2.826150894165039,6.461706447546852,251.04432678222656
2025-07-02 16:45:40.286112,2.0,1.0,112.65900421142578,-0.011898531578481197,1.2374867708331294e-07,0.02002798765897751,1.5508308024436701e-06,-0.04821622371673584,12914.360243180025,0.001053464482538402,1.8475635442882776e-05,1.5509389186263434e-06,0.3969978094100952,11.912548728383532,206.3870391845703
2025-07-02 16:45:40.286112,2.0,1.0,113.0770034790039,-0.011620882898569107,-2.8015310249429604e-07,0.020186372101306915,1.1353617992426734e-06,0.29562926292419434,17779.68231340172,0.001074605737812817,2.3108437744667754e-05,1.135389311457402e-06,-1.9732919931411743,20.352875891534886,169.40383911132812
2025-07-02 16:45:40.286112,2.0,1.0,113.70600128173828,-0.011140434071421623,-3.4665657722143806e-07,0.019926300272345543,1.2414735692800605e-06,-0.6260284185409546,16050.52315684896,0.0010485986713320017,5.206228252063738e-06,1.2415175660862587e-06,-1.4562300443649292,4.19343905739149,138.8005828857422
2025-07-02 16:45:40.286112,2.0,1.0,114.54399871826172,-0.011313567869365215,-2.5321634211650235e-07,0.02005697600543499,9.962037665900425e-07,-0.003085911273956299,20133.40711819335,0.0010971731971949339,1.4370593817147892e-05,9.958857845049351e-07,0.7819857597351074,14.429961789535593,114.01473999023438
2025-07-02 16:45:40.286112,2.0,1.0,116.85600280761719,-0.010899332351982594,-3.6077693721381365e-07,0.01998976059257984,1.031544115903671e-06,-0.3158094882965088,19378.483464149343,0.0010655452497303486,2.6431650894664926e-06,1.0300987014488783e-06,-1.0310250520706177,2.565933813671221,93.71041870117188
2025-07-02 16:45:40.286112,2.0,1.0,117.06000518798828,-0.012018672190606594,-1.3643472129842849e-07,0.020011620596051216,1.059757551047369e-06,-0.20571422576904297,18883.206424218006,0.001067139208316803,1.7682255929685198e-05,1.0593003025860526e-06,0.006483614444732666,16.692392031341626,76.89445495605469
2025-07-02 16:45:40.286112,2.0,1.0,117.70100402832031,-0.011200177483260632,-4.829236104342272e-07,0.020144738256931305,8.746403068471409e-07,0.5573290586471558,23032.02596453397,0.0010366857750341296,1.5741421520942822e-05,8.744202659727307e-07,-0.038329124450683594,18.00212338792446,63.16073226928711
2025-07-02 16:45:40.286112,2.0,1.0,117.90299987792969,-0.011382094584405422,1.4131526882010803e-07,0.020164549350738525,9.500015494268155e-07,0.3361515998840332,21225.80680305714,0.0010643707355484366,1.4003583601152059e-05,9.49985007991927e-07,-1.2245045900344849,14.740846943208878,51.80701446533203
2025-07-02 16:45:40.286112,2.0,1.0,118.1240005493164,-0.011986469849944115,5.493518884236437e-08,0.019966525956988335,1.1409260878281202e-06,-0.20102304220199585,17500.279965546968,0.0010435649892315269,1.98147063201759e-05,1.1409696298869676e-06,1.0678009986877441,17.366550170260783,42.562034606933594
2025-07-02 16:45:40.286112,2.0,1.0,118.33399963378906,-0.011707422323524952,-1.9287887198515818e-07,0.019990412518382072,1.0747918395281886e-06,-0.05995750427246094,18599.334106553553,0.0010517865885049105,1.1083460776717402e-05,1.0748952945505152e-06,-1.7995399236679077,10.311200386594054,34.8772087097168
2025-07-02 16:45:40.286112,2.0,1.0,118.5530014038086,-0.011317110620439053,1.1622275053468911e-07,0.020011281594634056,1.5124941228350508e-06,-0.057894110679626465,13230.650812133068,0.0010443200590088964,5.790840987174306e-06,1.5130268593566143e-06,2.960319995880127,3.8273220011684064,28.652175903320312
2025-07-02 16:45:40.286112,2.0,1.0,119.65499877929688,-0.011678594164550304,-2.007586914487547e-07,0.019951894879341125,9.141676287072187e-07,-0.20931386947631836,21825.20388252682,0.0010380280436947942,7.942849151731934e-06,9.145404078481079e-07,-2.0092546939849854,8.685071849828125,23.531614303588867
2025-07-02 16:45:40.286112,2.0,1.0,119.87100219726562,-0.011504528112709522,-7.600479356995038e-09,0.01989174261689186,1.3660131799042574e-06,-0.03814414143562317,14561.89655379903,0.0010408804519101977,2.1043397282483056e-05,1.3661882576343487e-06,2.359161138534546,15.402999670719746,19.29014778137207
2025-07-02 16:45:40.286112,2.0,1.0,120.66200256347656,-0.011800898239016533,-1.0646160575333852e-07,0.019987007603049278,1.872487587206706e-06,0.13542604446411133,10674.040105582228,0.0010241855634376407,3.668675162771251e-06,1.871262043096067e-06,0.7716645002365112,1.9605352314533686,15.83613395690918
2025-07-02 16:45:40.286112,2.0,1.0,121.13899993896484,-0.011750048026442528,-4.862026870000591e-08,0.01985967345535755,1.5749493513794732e-06,0.35244619846343994,12609.721981194365,0.0010457462631165981,1.4033392290002666e-05,1.5750571265016333e-06,-1.0370393991470337,8.909767178522788,13.020857810974121
2025-07-02 16:45:40.286112,2.0,1.0,121.5320053100586,-0.010882102884352207,-5.866654078090505e-07,0.020007673650979996,1.429965095667285e-06,0.010428428649902344,13991.721694188298,0.0010313165839761496,4.226400051265955e-06,1.4295831078925403e-06,-2.4859602451324463,2.9563863953991594,10.672807693481445
2025-07-02 16:45:40.286112,2.0,1.0,121.76900482177734,-0.011351159773766994,-7.628348441812705e-08,0.021592043340206146,9.479805385126383e-07,-0.30641138553619385,22776.88461208667,0.0010437328601256013,2.407215470157098e-05,9.481390179644222e-07,0.33587706089019775,25.388845143460028,8.758380889892578
2025-07-02 16:45:40.286112,2.0,1.0,121.91799926757812,-0.01090481597930193,-2.0006945078421268e-07,0.021026860922574997,8.94256459105236e-07,-0.5215610265731812,23513.23348965664,0.0010256957029923797,1.0113812095369212e-05,8.943966349761467e-07,-1.7133103609085083,11.307971989003452,7.207095623016357
2025-07-02 16:45:40.286112,2.0,1.0,122.09700012207031,-0.011573168449103832,1.9887711744104308e-07,0.020224835723638535,1.2684980674748658e-06,-0.27077698707580566,15943.9231656845,0.0010258634574711323,7.046924565656809e-06,1.2679568044404732e-06,0.807131290435791,5.557700815183915,5.900681018829346
2025-07-02 16:45:40.286112,2.0,1.0,122.31200408935547,-0.01190140563994646,-1.1270267386009891e-08,0.020600099116563797,9.283898521061928e-07,0.38597238063812256,22189.061060748732,0.0010387831134721637,1.4159317288431339e-05,9.281817483497434e-07,-1.3907877206802368,15.254897344842036,4.846460819244385
2025-07-02 16:45:40.286112,2.0,1.0,122.57300567626953,-0.011910093948245049,2.4403240672654647e-07,0.02042461931705475,1.4323632058221847e-06,-0.3019218444824219,14259.385632103626,0.001045410754159093,1.200081987917656e-05,1.4318388821266126e-06,-0.013904079794883728,8.381403822022602,3.9778499603271484
2025-07-02 16:45:40.286112,2.0,1.0,122.88800048828125,-0.011605756357312202,-8.143483398725948e-08,0.02056499570608139,1.2507694009400439e-06,-0.4760017395019531,16441.876248831562,0.001017494942061603,8.249731763498858e-06,1.250229502147704e-06,0.24776673316955566,6.598573901293382,3.2770557403564453
2025-07-02 16:45:40.286112,2.0,1.0,123.27100372314453,-0.011335663497447968,-2.0890706764475908e-07,0.02058049850165844,1.1367282013452495e-06,-0.43785929679870605,18105.030276633108,0.0010252256179228425,6.035545993654523e-06,1.1354102298355429e-06,-0.15165269374847412,5.315740368596762,2.675510883331299
2025-07-02 16:45:40.286112,2.0,1.0,123.73500061035156,-0.01155525166541338,-1.1992251813808252e-07,0.02066168375313282,1.086877318812185e-06,-0.5061562061309814,19010.1342584951,0.0010067473631352186,3.681547696032794e-06,1.0883535424000002e-06,-0.8446664810180664,3.382676265209162,2.1969897747039795
2025-07-02 16:45:40.286112,2.0,1.0,124.29700469970703,-0.011454349383711815,-1.6684637671460223e-07,0.0205314289778471,9.573325314704562e-07,-0.6120076179504395,21446.496700901793,0.0009908375795930624,7.475417532987194e-06,9.57326506068057e-07,-1.172141194343567,7.808639461671567,1.808449625968933
2025-07-02 16:45:40.286112,2.0,1.0,124.98200225830078,-0.011446844786405563,-1.7833438903380738e-07,0.020495738834142685,9.197530062010628e-07,-0.71962571144104,22283.959602152372,0.0010117522906512022,2.8171878057037247e-06,9.201970101457846e-07,-1.0750739574432373,3.0615050632009817,1.4796406030654907
2025-07-02 16:45:40.286112,2.0,1.0,125.81400299072266,-0.011562083847820759,-2.996771186758451e-08,0.020621171221137047,9.080190466193017e-07,-0.5788089036941528,22710.064615839197,0.0010118879145011306,7.508894213970052e-06,9.080316658582888e-07,-0.12457656860351562,8.269418893968309,1.2146308422088623
2025-07-02 16:45:40.286112,2.0,1.0,126.82300567626953,-0.011470061726868153,-3.217684820810973e-07,0.02071596495807171,3.4789957226166734e-07,-0.3784993886947632,59545.818994254216,0.0010060977656394243,4.095769327250309e-06,3.4786779679052415e-07,-1.0934561491012573,11.773924936537492,1.0016038417816162
