entity_id,role,canonical_name,chemical_name_pubchem,formula,molecular_formula,molecular_weight,pubchem_cid,related_cids,refchem_ids,iupac_name,smiles,inchi,inchikey,cas,synonyms,alias_keys,abbrev,resolved_by,notes
HAuCl4,gold_precursor,hydrogen tetrachloroaurate(III),Gold trichloride hydrochloride,HAuCl4·xH2O,AuCl4H,339.8,28133,122706823|57481028|10925836|173060718|19994376|23619392,922420,hydron;tetrachlorogold(1-),[H+].Cl[Au-](Cl)(Cl)Cl,InChI=1S/Au.4ClH/h;4*1H/q+3;;;;/p-3,VDLSFRRYNGEBEJ-UHFFFAOYSA-K,16903-35-8|1303-50-0,"Brown gold chloride|Gold tetrachloride, acid|hydron; tetrachlorogold(1-)|Gold trichloride hydrochloride|Auric chloride hydrochloride tetrahydrate|UNII-8H372EGX3V|SCHEMBL48839|Gold (III) chloride solution|UNII-091KO75T5S|VDLSFRRYNGEBEJ-UHFFFAOYSA-K|AKOS015901770|Gold(3+) hydrogen chloride (1/1/4)|Chloroauric acid|Chlorauric acid|Tetrachloroauric acid|Auric acid|Aurochloric acid|Gold trichloride,acid|Gold trichloride, acid|Hydrogen aurichloride|Hydrogen tetrachloroaurate|AC1L1EOS|Hydrogen tetrachloroaurate(III)|Hydrogen tetrachloroaurate(1-)|Tetrachloroaurate(1-) hydrogen|Chloroauric acid tetrahydrate|8H372EGX3V|EINECS 240-948-4|091KO75T5S|DTXSID701014499|CID28133|AURATE(1-), TETRACHLORO-, HYDROGEN|LS-22242|SC-52760|Aurate(1-), tetrachloro-, hydrogen, (SP-4-1)-|Hydrogen tetrachloroaurate(III) tetrahydrate|16903-35-8|GOLD AQUA|GOLD CHLORIDE HCL|CHLOROAURIC ACID [MI]|Aurochlorohydric acid|Hydrochloroauric acid|RefChem:896805|Hydrogen tetrachloroaurate(1)|Tetrachloroaurate(1) hydrogen|DTXCID7078935|GOLD CHLORIDE HCL [INCI]|Aurate(1), tetrachloro, hydrogen|(SP41)Hydrogen tetrachloroaurate(1)|Aurate(1), tetrachloro, hydrogen, (SP41)|Aurate(1), tetrachloro, hydrogen (1:1), (SP41)|Aurate(1-), tetrachloro-, hydrogen|Aurate(1-), tetrachloro-, hydrogen (1:1), (SP-4-1)-|HYDROGEN TETRACHLOROAURATE|auricacid|GOLD CHLORIDE|MFCD00011322|MFCD00149903|A876812|27988-77-8|hydron;tetrachlorogold(1-)|SCHEMBL18918411|AuCl4H|trichlorogold;hydrochloride|SCHEMBL23521269|AKOS015903643|D96096|HAuCl4|AuCl3.HCl|Trichlorogold Hydrochloride|6533AH|CID10925836|Hydrogen Tetrachloroaurate(III) Trihydrate|Gold chloride solution, 200 mg/dL in deionized water|I14-18152|I14-18402|1303-50-0|Hydrogen tetrachloroaurate(III), solution, Au 40-44% w/w (cont. Au)|Gold(III) chloride solution, 99.99% trace metals basis, 30 wt. % in dilute HCl|16961-25-4|SCHEMBL2130882|SCHEMBL9438575|Gold chloride|11118-27-7|RefChem:922420","haucl4|hydrogentetrachloroaurate|hydrogentetrachloroaurate(iii)|hydrogentetrachloroaurate(iii)hydrate|chloroauricacid|chlorauricacid|chloroauric(iii)acid|tetrachloroauricacid|tetrachloroauric(iii)acid|tetrachloroauricacidhydrate|goldchloride|gold(iii)chloride|gold(iii)chloridehydrate|goldtrichloridehydrochloride|auricchloridehydrochloride|aurochloricacid|browngoldchloride|goldtetrachloride,acid|hydrogentetrachloroaurate(iii)hydrate|goldchlorideacid|tetrachlorogold(1-)|hydron;tetrachlorogold(1-)|aucl3hcl|aucl4|aucl4-|[aucl4]-|aucl4−|tetrachloroaurate|tetrachloroaurate(iii)|hydrochloroauricacid|hydroaurochloricacid",,pubchem_local:CID28133+pubchem_local:RefChem922420,"Todas as formas (anidro, 3H2O, 4H2O, ""gold(III) chloride trihydrate"" comercial) viram uma entidade; a hidratação vai para a coluna form. CID canônico 28133 (CAS 16903-35-8; 4H2O: 1303-50-0). CIDs 19994376 e 23619392 são registros de Au(I) gerados automaticamente (artefatos). ""gold chloride"" pode, a rigor, ser AuCl3: marcado como ambíguo."
AuCl3,gold_precursor,"gold(III) chloride (anhydrous, Au2Cl6)",,AuCl3,,,,,,,,,,,,,,curado (sem ficha PubChem local),"Só quando a fórmula AuCl3 aparece explicitamente; ""gold(III) chloride"" por extenso fica em HAuCl4 (uso comercial)."
NaAuCl4,gold_precursor,sodium tetrachloroaurate(III),,NaAuCl4·2H2O,,,,,,,,,,,,naaucl4|sodiumtetrachloroaurate|sodiumtetrachloroaurate(iii)|sodiumgoldchloride,,curado (sem ficha PubChem local),
KAuCl4,gold_precursor,potassium tetrachloroaurate(III),,KAuCl4,,,,,,,,,,,,kaucl4|potassiumtetrachloroaurate|potassiumtetrachloroaurate(iii)|potassiumgoldchloride,,curado (sem ficha PubChem local),
AgNO3,additive,silver nitrate,,AgNO3,,,,,,,,,,,,agno3|silvernitrate,,curado (sem ficha PubChem local),Aditivo de crescimento anisotrópico (bastões).
NaBH4,reductant,sodium borohydride,Sodium borohydride,NaBH4,BH4.Na,37.84,4311764,,,sodium boranuide,[BH4-].[Na+],InChI=1S/BH4.Na/h1H4;/q-1;+1,YOQDYZUWIQVZSF-UHFFFAOYSA-N,16940-66-2,"NaBH4|borohydrure de sodium|DTXSID80893977|Sodium tetrahydridoborate(1-)|Sodium borohydride (Na(BH4))|CHEBI:50985|RefChem:183807|DTXCID801324021|241-004-4|16940-66-2|87L0B9CPPA|Borate(1-), tetrahydro-, sodium|BORATE(1-), TETRAHYDRO-, SODIUM (1:1)|Borol|COLORSTRIP 2000|EC 241-004-4|EINECS 241-004-4|Hidkitex DF|HYDRIFIN|Sodium borohydrate|Sodium borohydride|sodium borotritide|Sodium hydroborate|SODIUM TETRAHYDRIDOBORATE|SODIUM TETRAHYDROBORATE|sodium borohydride|Sodium tetrahydroborate|sodium boranuide|Sodium tetrahydridoborate|sodium boranate|Sodium borodeuteride|Sodium borohydrite|sodium boro-hydride|ACMC-209dzo|Sodium borohydride(liquid)|YOQDYZUWIQVZSF-UHFFFAOYSA-N|Sodium tetrahydroborate 98%|KSC175G0N|Sodium tetrahydroborate =97%|Sodium tetrahydroborate =98%|MFCD00003518|SODIUM BOROHYDRIDE 25G|sodium borohydride, 3H-labeled|AC1N81V4|Sodium Tetrahydroborate, Powder|Sodium Borohydride (Granulated)|CTK0H5306|Sodium borohydride, 97% 100g|BCP23014|CID28152",nabh4|sodiumborohydride|sodiumtetrahydroborate|sodiumtetrahydridoborate,,pubchem_local:CID4311764,
ascorbic_acid,reductant,L-ascorbic acid,L-Ascorbic Acid,C6H8O6,C6H8O6,176.12,54670067,,,"(2R)-2-[(1S)-1,2-dihydroxyethyl]-3,4-dihydroxy-2H-furan-5-one",C([C@@H]([C@@H]1C(=C(C(=O)O1)O)O)O)O,"InChI=1S/C6H8O6/c7-1-2(8)5-3(9)4(10)6(11)12-5/h2,5,7-10H,1H2/t2-,5+/m0/s1",CIWBSHSKHKDKBQ-JLAZNSOCSA-N,50-81-7|6730-29-6|53262-66-1|62624-30-0,l-ascorbic acid|ascorbic acid|vitamin C|50-81-7|L(+)-Ascorbic acid|Ascoltin|Ascorbicap|Cevitamic acid|Allercorb|Ascorbajen|Ascorin|Ascorteal|Ascorvit|Cantaxin|Cebicure|Cegiolan|Ceglion|Cenetone|Cergona|Cetemican|Cevatine|Redoxon|Viscorin|Vitacimin|Vitacin|ascorbate|L-ascorbate|Cetane|Vicin|Ferrous ascorbate|Sodascorbate|Ascorbicin|Mediatric|Ascorbin|Magnorbin|Sunkist|roscorbi c|Acid Ascorbic|Semidehydroascorbate|Cascorbat|Celione|Vitaped|AscorbicAcid|Citrex|ascorbic-acid|Oral Vitamin C|Erythorbic acid|Avitamic acid|ascor-b.i.d|Carashimin C,ascorbicacid|l-ascorbicacid|lascorbicacid|vitaminc|l(+)-ascorbicacid|sodiumascorbate|c6h8o6,AA,pubchem_local:CID54670067,
trisodium_citrate,reductant_stabilizer,trisodium citrate,Trisodium citrate,Na3C6H5O7·xH2O,C6H5Na3O7,258.07,6224,,,"trisodium;2-hydroxypropane-1,2,3-tricarboxylate",C(C(=O)[O-])C(CC(=O)[O-])(C(=O)[O-])O.[Na+].[Na+].[Na+],"InChI=1S/C6H8O7.3Na/c7-3(8)1-6(13,5(11)12)2-4(9)10;;;/h13H,1-2H2,(H,7,8)(H,9,10)(H,11,12);;;/q;3*+1/p-3",HRXKRNGNAMMEHJ-UHFFFAOYSA-K,68-04-2|994-36-5|8055-55-8|18996-35-5,"Sodium citrate|68-04-2|TRISODIUM CITRATE|Natrocitral|Citrosodine|Citric acid, trisodium salt|Trisodium citrate, anhydrous|sodium citrate, anhydrous|Citnatin|Citrosodina|Citrosodna|Citreme|trisodium-citrate|anhydrous sodium citrate|Anhydrous trisodium citrate|Trisodium citrate anhydrous|Sodium citrate (Na3C6H5O7)|Sodium citrate,anhydrous|Natrii citras|RS7A450LGA|Bicitra|INS NO.331(III)|INS-331(III)|E-331(III)|FEMA NO. 3026, ANHYDROUS-|cymalon|Sodiumcitrate|Pneucid|trinatriumcitrat-|Sodiumhydrocitrate|Sodium citrate hydrate|Sodium citrate hydrous|Sodium citrate (x:1)|Sodium citrate dihydrate|Natrii citras, dehydrate|C6H8O7.xNa|TRIPOTASSIUM CITRATE|Trisodium citrate dihydrate|Sodium Citrate (anhydrous)|AC1L1M2C|Anticoagulant Sodium Citrate|C6-H8-O7.x-Na|C6H8O7.3Na|HRXKRNGNAMMEHJ-UHFFFAOYSA-K|C5H6O7|C6-H8-O7.3Na|DTXSID1027348|CTK5C7194|KS-00000YJA|Sodium citrate tribasic dihydrate","sodiumcitrate|trisodiumcitrate|tri-sodiumcitrate|trisodiumcitratedihydrate|sodiumcitratedihydrate|sodiumcitratetribasic|sodiumcitratetribasicdihydrate|tribasicdihydrate|tribasic|citrate|na3c6h5o7|na3ct|trisodiumcitrate(tsc)|sodiumcitrate,tribasic|citricacidtrisodium|citricacidtrisodiumsalt|citricacidtrisodiumsaltdihydrate|na3-citrate|na3cit|na-cit|sodiumcitratetribasichydrate|c6h5na3o7|nacitrate|na-citrate",TSC|Na3Ct,pubchem_local:CID6224,"tribasic dihydrate aparece recortado de ""sodium citrate tribasic dihydrate""."
citric_acid,reductant,citric acid,,C6H8O7,,,311,,,,,,,,,citricacid|citricacidmonohydrate,,pubchem_local:CID311,Só existe a estrutura 2D/3D local (sem ficha completa).
CTAB,surfactant,hexadecyltrimethylammonium bromide,Hexadecyltrimethylammonium Bromide,C19H42BrN,C19H42N.Br,364.4,5974,2681,,hexadecyl(trimethyl)azanium bromide,CCCCCCCCCCCCCCCC[N+](C)(C)C.[Br-],"InChI=1S/C19H42N.BrH/c1-5-6-7-8-9-10-11-12-13-14-15-16-17-18-19-20(2,3)4;/h5-19H2,1-4H3;1H/q+1;/p-1",LZZYPRNAOMGNLH-UHFFFAOYSA-M,57-09-0|8044-71-1,"57-09-0|Cetrimonium bromide|Cetyltrimethylammonium bromide|Hexadecyltrimethylammonium bromide|Bromat|CETAB|Centimide|Ctmab|Acetoquat CTAB|Cee dee|Cetyl trimethyl ammonium bromide|Trimethylcetylammonium bromide|Bromuro de cetrimonio|N-Cetyltrimethylammonium bromide|Bromure de cetrimonium|Cetrimonii bromidum|Trimethylhexadecylammonium bromide|Cetrimonio bromuro|N-HEXADECYLTRIMETHYLAMMONIUM BROMIDE|Palmityltrimethyl ammonium bromide|N,N,N-Trimethyl-1-hexadecanaminium bromide|N,N,N-Trimethylcetylammonium bromide|Sumquat 6030|DTXSID5037028|N-Hexadecyl-N,N,N-trimethylammonium bromide|Cetrimide|Cetrimida|Cetrimidum|Cetavlex|Cradocap|Zetrimid|cetrimonium|Cetylamine|Cetrimid|cetrimoniumbromid-|Ammonium, bromide|CTABR|D-Cyclohexylalanine|BCTA|CTMB|HTAB|HDTMA-Br|Catinal HTB 70ET|Arquad 16/60|Cetyl triammonium Bromide|Rhodaquat M 242B99|C19H42N.Br|C16TAB|Cetrimonium bromide =98%|UNII-24QSH2NL8N",ctab|cetyltrimethylammoniumbromide|hexadecyltrimethylammoniumbromide|cetrimoniumbromide|cetyltrimethylammonium|hexadecyl(trimethyl)ammoniumbromide,CTAB,pubchem_local:CID5974,CID 2681 = cátion cetrimônio (só estrutura local).
CTAC,surfactant,hexadecyltrimethylammonium chloride,,C19H42ClN,,,,,,,,,,,,ctac|cetyltrimethylammoniumchloride|hexadecyltrimethylammoniumchloride|cetrimoniumchloride,CTAC,curado (sem ficha PubChem local),
PVP,capping_agent,polyvinylpyrrolidone,N-vinyl-2-pyrrolidone,(C6H9NO)n,C6H9NO,111.14,6917,,,1-ethenylpyrrolidin-2-one,C=CN1CCCC1=O,"InChI=1S/C6H9NO/c1-2-7-5-3-4-6(7)8/h2H,1,3-5H2",WHNWPMSKXPGLAX-UHFFFAOYSA-N,88-12-0|25249-54-1|9003-39-8|88-12-0; 9003-39-8 (homopolymer),"88-12-0|N-VINYL-2-PYRROLIDONE|1-Vinyl-2-pyrrolidone|1-Vinyl-2-pyrrolidinone|Vinylpyrrolidone|1-ethenylpyrrolidin-2-one|2-Pyrrolidinone, 1-ethenyl-|Vinylbutyrolactam|Vinylpyrrolidinone|1-Vinylpyrrolidinone|1-Ethenyl-2-pyrrolidinone|DTXSID2021440|DTXCID101440|RefChem:1092137|201-800-4|1-vinylpyrrolidin-2-one|N-Vinylpyrrolidone|N-Vinyl-2-pyrrolidinone|N-Vinylpyrrolidinone|25249-54-1|V-Pyrol|1-Vinylpyrrolidone|Pvpp|Luviskol|Plasdone|Povidone|POLYVINYLPYRROLIDONE|Crospovidone|Polyvidone|Neocompensan|Hemodesis|Plasmosan|Protagent|Kollidon|Periston|Peviston|Subtosan|Bolinan|Hemodez|Polygyl|Sauflon|Toxobin|Vinisil|Polyclar AT|Periston-n|Polyplasdone XL|Polyplasdone|Polyclar H|Polyclar L|Agrimer",pvp|polyvinylpyrrolidone|poly(vinylpyrrolidone)|poly(n-vinylpyrrolidone)|poly(n-vinyl-2-pyrrolidone)|polyvinylpyrrolidinone|povidone|n-vinyl-2-pyrrolidone|n-vinylpyrrolidone,PVP,pubchem_local:CID6917,"CID 6917 é o monômero (NVP); o polímero não tem CID único (informar a massa molar, ex.: PVP K30/55 kDa)."
tannic_acid,reductant_stabilizer,tannic acid,,C76H52O46,,,,,,,,,,,,tannicacid,,curado (sem ficha PubChem local),
hydroquinone,reductant,hydroquinone,,C6H6O2,,,,,,,,,,,,"hydroquinone|benzene-1,4-diol",,curado (sem ficha PubChem local),
hydroxylamine_HCl,reductant,hydroxylamine hydrochloride,,NH2OH·HCl,,,,,,,,,,,,hydroxylaminehydrochloride|nh2oh·hcl|nh2ohhcl|hydroxylammoniumchloride|hydroxylamine,,curado (sem ficha PubChem local),
THPC,reductant,tetrakis(hydroxymethyl)phosphonium chloride,,C4H12ClO4P,,,,,,,,,,,,thpc|tetrakis(hydroxymethyl)phosphoniumchloride,THPC,curado (sem ficha PubChem local),
glucose,reductant,D-glucose,,C6H12O6,,,,,,,,,,,,glucose|d-glucose|dextrose,,curado (sem ficha PubChem local),
H2O2,reductant_oxidant,hydrogen peroxide,,H2O2,,,,,,,,,,,,h2o2|hydrogenperoxide,,curado (sem ficha PubChem local),
TOAB,phase_transfer,tetraoctylammonium bromide,,C32H68BrN,,,,,,,,,,,,toab|tetraoctylammoniumbromide|tetra-n-octylammoniumbromide|tri-n-octylammoniumbromide|toabr|tetraoctylammoniumbromide(toabr),TOAB,curado (sem ficha PubChem local),Síntese de Brust–Schiffrin.
oleylamine,capping_agent,oleylamine,,C18H37N,,,,,,,,,,,,oleylamine|oam,OAm,curado (sem ficha PubChem local),
oleic_acid,capping_agent,oleic acid,,C18H34O2,,,,,,,,,,,,oleicacid|sodiumoleate|naol,NaOL,curado (sem ficha PubChem local),
dodecanethiol,capping_agent,1-dodecanethiol,,C12H26S,,,,,,,,,,,,dodecanethiol|1-dodecanethiol|ddt,DDT,curado (sem ficha PubChem local),
GSH,capping_agent,glutathione (reduced),,C10H17N3O6S,,,,,,,,,,,,gsh|glutathione|l-glutathione|reducedglutathione,GSH,curado (sem ficha PubChem local),
BSA,capping_agent,bovine serum albumin,,protein,,,,,,,,,,,,bsa|bovineserumalbumin|serumalbumin,BSA,curado (sem ficha PubChem local),
chitosan,capping_agent,chitosan,,polymer,,,,,,,,,,,,chitosan,,curado (sem ficha PubChem local),
PDDA,polyelectrolyte,poly(diallyldimethylammonium chloride),,polymer,,,,,,,,,,,,pdda|poly(diallyldimethylammoniumchloride),PDDA,curado (sem ficha PubChem local),
SDS,surfactant,sodium dodecyl sulfate,,C12H25NaO4S,,,,,,,,,,,,sds|sodiumdodecylsulfate|sodiumdodecylsulphate|sodiumlaurylsulfate,SDS,curado (sem ficha PubChem local),
quaternium_15,other,Quaternium-15,Quaternium 15,C9H16Cl2N4,C9H16ClN4.Cl,251.15,20011,20012,,"1-(3-chloroprop-2-enyl)-3,5,7-triaza-1-azoniatricyclo[3.3.1.13,7]decane chloride",C1N2CN3CN1C[N+](C2)(C3)CC=CCl.[Cl-],"InChI=1S/C9H16ClN4.ClH/c10-2-1-3-14-7-11-4-12(8-14)6-13(5-11)9-14;/h1-2H,3-9H2;1H/q+1;/p-1",UKHVLWKBNNSRRR-UHFFFAOYSA-M,4080-31-3,"Quaternium-15|4080-31-3|DTXSID5024760|CHEBI:59607|Dowicil 100|N-(3-Chloroallyl)hexaminium chloride|Dowicide Q|1-(3-Chloroallyl)-3,5,7-triaza-1-azoniaadamantane chloride|Quaternium 15|Cinartc 200|Dowco 184|E40U03LEM0|NSC-172971|1-(3-chloroallyl)-hexaminium chloride|RefChem:930440|3,5,7-Triaza-1-azoniaadamantane, 1-(3-chloroallyl)-, chloride|DTXCID501285010|1-(3-chloroprop-2-en-1-yl)-1,3,5,7-tetraazatricyclo(3.3.1.1^(3,7))decan-1-ium chloride|1-(3-chloroprop-2-en-1-yl)-1,3,5,7-tetraazatricyclo(3.3.1.13,7)decan-1-ium chloride|223-805-0|CTAC|Hexamethylenetetramine chloroallyl chloride|1-(CIS-3-CHLOROALLYL)-3,5,7-TRIAZA-1-AZONIA-ADAMANTANE CHLORIDE|1-?(3-?Chloroallyl)?-?1,?3,?5,?7-?tetraazaadamantan-?1-?ium Chloride|UKHVLWKBNNSRRR-UHFFFAOYSA-M|Dowicil 200|Quaternium-15 cis-form|AC1L2FCH|C9H16Cl2N4|CID:20011|TRA0066655|SID:124360350|51229-78-8|C018375|1-(cis-3-Chloroallyl)-3,5,7-triaza-1-azoniaadamantane chloride|1-((Z)-3-Chloroallyl)-1,3,5,7-tetraazaadamantan-1-ium chloride|1-(3-Chloroallyl)-1,3,5,7-tetraazaadamantan-1-ium chloride|1-(3-Chloroallyl)-1,3,5,7-tetraazaadamantan-1-iumchloride|cis-1-(3-Chloroallyl)-3,5,7-triaza-1-azoniaadamantane chloride|3,5,7-Triaza-1-azoniatricyclo3.3.1.13,7decane, 1-(3-chloro-2-propenyl)-, chloride",quaternium15|quaternium-15,,pubchem_local:CID20011,Ficha presente em datasets/pubchem/ sem uso claro no projeto.
NaOH,pH_adjuster,sodium hydroxide,Sodium Hydroxide,NaOH,HNaO,39.997,14798,,,sodium hydroxide,[OH-].[Na+],InChI=1S/Na.H2O/h;1H2/q+1;/p-1,HEMHJVSKTPXQMS-UHFFFAOYSA-M,1310-73-2|81133-20-2,"SODIUM HYDROXIDE|1310-73-2|Caustic soda|Sodium hydrate|Aetznatron|Soda lye|White caustic|Soda, caustic|Natriumhydroxid|Rohrputz|Plung|Collo-Grillrein|Collo-Tapetta|Fuers Rohr|Rohrreiniger Rofix|Hydroxyde de sodium|Sodium hydroxide (Na(OH))|Natriumhydroxyde|Soda, hydrate|Sodium hydroxide dimer|Natrium causticum|Soda, kaustische|Lewis-red devil lye|Sodio(idrossido di)|Sodium hydroxide (Na2(OH)2)|Sodium hydroxide solution|Caustic soda solution|White caustic solution|urea|water|Sodium Oxidanide|Sodium hydrate solution|Natriumhydroksid|Lye solution|Sodium hidroxide|Sodium hydroxyde|Sodium-hydroxide|potassium OH-|Sodium deuteroxide|Lye (sodium)|HNaO|Caustic Soda Flake|Caustic soda, Lye|Sodium hydroxide solutions|ASCARITE(R)|UN 1824 (solution)|Sodium (2H)hydroxide|Sodium hydroxide (ACN|Sodium Hydroxide [USAN]|CSS (CHRIS Code)",naoh|sodiumhydroxide|causticsoda,,pubchem_local:CID14798,
HCl,pH_adjuster,hydrochloric acid,Hydrochloric Acid,HCl,ClH,36.46,313,,,chlorane,Cl,InChI=1S/ClH/h1H,VEXZGXHMUGYJMC-UHFFFAOYSA-N,7647-01-0|9083-24-3|99688-46-7|97704-97-7,"hydrochloric acid|hydrogen chloride|7647-01-0|Muriatic acid|chlorane|Chlorohydric acid|Anhydrous hydrochloric acid|Acide chlorhydrique|Chlorwasserstoff|Muriaticum acidum|Chloorwaterstof|Chlorowodor|Hydrogen chloride (HCl)|Acido cloridrico|Aqueous hydrogen chloride|chlorure d'hydrogene|Baume hcl|Icon etch|Acido clorhidrico|Enplate po 236|Anhydrous hydrogen chloride|Chlorure d'hydrogene anhydre|Cloruro de hidrogeno anhidro|Hydrochloric acid, anhydrous|NSC-77365|hydrochloride|Spirits of salt|Chlorine atom|Tetranectin|Deuterium chloride|Ammodytoxin A|Rededronatesodium|chloro|glycanase|limonenoxide|Spirit of salt|Ferromolybdenum|Hydridochlorine|Hydrogenklorid|Hydrochlorid|Ichthammol|Lamotrigene|Liuyangmycin|Trastuzumab|Hirathiol|Ichthyol|Black pepper oil|Leftose|Acdeam|Chlore",hcl|hydrochloricacid|hydrogenchloride,,pubchem_local:CID313,
HNO3,pH_adjuster,nitric acid,,HNO3,,,,,,,,,,,,hno3|nitricacid,,curado (sem ficha PubChem local),
H2SO4,pH_adjuster,sulfuric acid,,H2SO4,,,,,,,,,,,,h2so4|sulfuricacid|sulphuricacid,,curado (sem ficha PubChem local),
ammonia,pH_adjuster,ammonia / ammonium hydroxide,,NH3(aq),,,,,,,,,,,,ammonia|ammoniumhydroxide|nh3|nh4oh|aqueousammonia,,curado (sem ficha PubChem local),
K2CO3,pH_adjuster,potassium carbonate,,K2CO3,,,,,,,,,,,,k2co3|potassiumcarbonate,,curado (sem ficha PubChem local),
NaCl,salt,sodium chloride,,NaCl,,,,,,,,,,,,nacl|sodiumchloride,,curado (sem ficha PubChem local),
KCl,salt,potassium chloride,,KCl,,,,,,,,,,,,kcl|potassiumchloride,,curado (sem ficha PubChem local),
KI,salt,potassium iodide,,KI,,,,,,,,,,,,ki|potassiumiodide,,curado (sem ficha PubChem local),
PEG,capping_agent,poly(ethylene glycol),,(C2H4O)n,,,,,,,,,,,,peg|polyethyleneglycol|poly(ethyleneglycol)|mpeg|peg-sh|mpeg-sh|thiolatedpeg,PEG,curado (sem ficha PubChem local),Informar massa molar e grupo terminal (ex.: mPEG-SH 5 kDa).
hydrazine,reductant,hydrazine,,N2H4,,,,,,,,,,,,hydrazine|hydrazinehydrate|n2h4|hydrazinemonohydrate,,curado (sem ficha PubChem local),
KBH4,reductant,potassium borohydride,,KBH4,,,,,,,,,,,,kbh4|potassiumborohydride,,curado (sem ficha PubChem local),
formaldehyde,reductant,formaldehyde,,CH2O,,,,,,,,,,,,formaldehyde|formalin|hcho,,curado (sem ficha PubChem local),
acetic_acid,pH_adjuster,acetic acid,,C2H4O2,,,,,,,,,,,,aceticacid|glacialaceticacid,,curado (sem ficha PubChem local),
isopropanol,solvent,2-propanol,,C3H8O,,,,,,,,,,,,isopropanol|2-propanol|isopropylalcohol|ipa,,curado (sem ficha PubChem local),
chloroform,solvent,chloroform,,CHCl3,,,,,,,,,,,,chloroform|chcl3,,curado (sem ficha PubChem local),
MUA,capping_agent,11-mercaptoundecanoic acid,,C11H22O2S,,,,,,,,,,,,mua|11-mercaptoundecanoicacid|mercaptoundecanoicacid,MUA,curado (sem ficha PubChem local),
MPA,capping_agent,3-mercaptopropionic acid,,C3H6O2S,,,,,,,,,,,,mpa|3-mercaptopropionicacid|mercaptopropionicacid,MPA,curado (sem ficha PubChem local),
cysteamine,capping_agent,cysteamine,,C2H7NS,,,,,,,,,,,,cysteamine|2-aminoethanethiol|cysteaminehydrochloride,,curado (sem ficha PubChem local),
PEI,polyelectrolyte,polyethylenimine,,polymer,,,,,,,,,,,,pei|polyethylenimine|polyethyleneimine|branchedpei,PEI,curado (sem ficha PubChem local),
PSS,polyelectrolyte,poly(sodium 4-styrenesulfonate),,polymer,,,,,,,,,,,,pss|poly(sodium4-styrenesulfonate)|poly(styrenesulfonate)|sodiumpolystyrenesulfonate,PSS,curado (sem ficha PubChem local),
PAH,polyelectrolyte,poly(allylamine hydrochloride),,polymer,,,,,,,,,,,,pah|poly(allylaminehydrochloride)|polyallylaminehydrochloride,PAH,curado (sem ficha PubChem local),
aqua_regia,cleaning,aqua regia (HCl:HNO3 3:1),,HCl/HNO3,,,,,,,,,,,,aquaregia,,curado (sem ficha PubChem local),Limpeza de vidraria; não entra na síntese.
PAA,polyelectrolyte,poly(acrylic acid),,polymer,,,,,,,,,,,,paa|poly(acrylicacid)|polyacrylicacid|sodiumpolyacrylate,PAA,curado (sem ficha PubChem local),O regex de Cruse (rsc/) rotula PAA como ácido ascórbico (\w*AA); aqui é o polieletrólito.
PVA,capping_agent,poly(vinyl alcohol),,polymer,,,,,,,,,,,,pva|polyvinylalcohol|poly(vinylalcohol),PVA,curado (sem ficha PubChem local),
water,solvent,water,Water,H2O,H2O,18.015,962,,,oxidane,O,InChI=1S/H2O/h1H2,XLYOFNOQVPJJNP-UHFFFAOYSA-N,7732-18-5|17778-80-2|117318-92-0,"water|7732-18-5|Distilled water|Dihydrogen oxide|Purified water|Sterile water|Water vapor|Water, deionized|oxidane|aqua|Water, purified|Water, mineral|Dihydrogen Monoxide|steam|Deionized water|DHMO|Water, sterile|Water, distilled|Water for injection|Sterile purified water|Water for hemodialysis|Water purified|Sterile water for irrigation|Pur-wash|Water, purified sterile|hydrogen oxide|oxygen|Hydroxyl radical|Atomic oxygen|Heavy water|cefotiam|glycerol|methanol|oxide|oxigeno|oxygene|sauchinone|serine|threonine|Adelheidsquelle|Monooxygen|Sauerstoff|Tritiotope|Cereulide|Ferroin|Hydrol|oxygen molecule|hydroxide ion|p-nitrophenol|ldenone Acetate",water|h2o|deionizedwater|diwater|milli-qwater|milliqwater|ultrapurewater|distilledwater|doublydistilledwater|bidistilledwater|nanopurewater|dih2o,DI,pubchem_local:CID962,
ethanol,solvent,ethanol,Ethanol,C2H6O,C2H6O,46.07,702,,,ethanol,CCO,"InChI=1S/C2H6O/c1-2-3/h3H,2H2,1H3",LFQSCWFLJHTTHZ-UHFFFAOYSA-N,64-17-5,ethanol|ethyl alcohol|alcohol|64-17-5|grain alcohol|Methylcarbinol|Ethyl hydroxide|Ethyl hydrate|Tecsol|Algrain|Anhydrol|EtOH|Hydroxyethane|Alkohol|Jaysol S|Potato alcohol|Absolute ethanol|1-Hydroxyethane|Ethanol 200 proof|Aethylalkohol|Denatured ethanol|Aethanol|Dehydrated ethanol|Alcool ethylique|etanol|Spirits of wine|Cologne Spirit|Molasses alcohol|Ethanol solution|Spirit|Alcohols|Distilled spirits|Thanol|Molasses|spiritus vini|Cologne spirits|Reagent Alcohol|Pyro|Ethyloxy Group|colamine|Ethanol-d|glycerol|Colognespirits|Aminoethanol|Ethaprocohol|Ethylolamine|Ethalight|Glycinol|Digisan|disinfect wipes,ethanol|etoh|ethylalcohol|absoluteethanol,,pubchem_local:CID702,
methanol,solvent,methanol,,CH4O,,,,,,,,,,,,methanol|meoh,,curado (sem ficha PubChem local),
ethylene_glycol,solvent,ethylene glycol,,C2H6O2,,,,,,,,,,,,ethyleneglycol|eg,,curado (sem ficha PubChem local),
toluene,solvent,toluene,,C7H8,,,,,,,,,,,,toluene,,curado (sem ficha PubChem local),
acetone,solvent,acetone,,C3H6O,,,,,,,,,,,,acetone,,curado (sem ficha PubChem local),
DMF,solvent,"N,N-dimethylformamide",,C3H7NO,,,,,,,,,,,,"dmf|n,n-dimethylformamide|dimethylformamide",DMF,curado (sem ficha PubChem local),
graphene_oxide,support,graphene oxide,,C/O/H (variável),,,,,782691,,,,,,Graphene oxide|942-699-3|RefChem:782691,grapheneoxide|go|grapheneoxide(go)|grapheneoxidenanosheets|goaqueousdispersion|grapheneoxidedispersion|singlelayergrapheneoxide|graphiteoxide,GO,pubchem_local:RefChem782691,"Sem CID (substância de composição variável); RefChem 782691, EC 942-699-3. O lote real (C/O, defeitos) vai em go_batches."
reduced_graphene_oxide,support,reduced graphene oxide,,C/O/H (variável),,,,,,,,,,,,reducedgrapheneoxide|rgo,rGO,curado (sem ficha PubChem local),
graphite,support_precursor,graphite,,C,,,,,,,,,,,,graphite|graphitepowder|graphiteflakes|naturalgraphiteflakes,,curado (sem ficha PubChem local),Precursor do GO (Hummers).
TEOS,silica_precursor,tetraethyl orthosilicate,,C8H20O4Si,,,,,,,,,,,,teos|tetraethylorthosilicate|tetraethoxysilane,TEOS,curado (sem ficha PubChem local),
Au,product_or_element,gold (metal / nanoparticle product),,Au,,,,,,,,,,,,au|gold|aunps|aunp|gnps|gnp|aunp(s)|goldnanoparticles|goldnanoparticle|aunrs|aunr|goldnanorods|goldseeds|auseeds|gold(0)|goldfoil,AuNPs|AuNP|GNPs|AuNRs,curado (sem ficha PubChem local),Não é reagente: produto ou elemento citado na lista de materiais.
Ag,product_or_element,silver (metal),,Ag,,,,,,,,,,,,ag|silver|agnps|silvernanoparticles,,curado (sem ficha PubChem local),
peisleyite,irrelevant,peisleyite (mineral),,—,,,,,4004,,,,,,Peisleyite|RefChem:4004|Na3Al16(SO4)2(PO4)10(OH)17.20H2O|Pei,,,pubchem_local:RefChem4004,Ficha RefChem 4004 em datasets/pubchem/ não tem relação com o projeto (provável download equivocado).
